DEPENDENCIA,CLASIF_DEPENDENCIA,DESC_CLAS_DEPENDENCIA,SEXO,ESCOLARIDAD,PUESTOTRABAJO,NACIONALIDAD,HRS,NUMEROHRS,TIPO_PLAZA,PZASASIGNADAS,TPOASIGNACIONPLAZA,EDAD,ANTIGUEDAD,DIRECTIVO,PUESTO,DESCPUESTO,INCAPEMP,SPC,OCUPA_MOT,Año,Adscripcion,Clasificacion
"C.A.E. ""ALEJANDRO GUILLOT S.""",1,UNIDADES DE ÁREA CENTRAL,HOMBRE,BACHILLERATO,Servicios,ESTADOS UNIDOS MEXICANOS,,0,APOYO,1,BASE,53,34,NO,S01843 ,SUPERVISOR DE VIGILANCIA ,0, , ,2023,Area Central,No foraneo
"C.A.E. ""CARLOS CASAS CAMPILLO""",2,NIVEL MEDIO SUPERIOR,MUJER,SECUNDARIA,Técnico,Extranjero Originario de REPÚBLICA FEDERATIVA DE BRASIL,Tiempo completo,40,PLAZA PUESTO,3,CONFIANZA,65,32,SI,T16810 ,TECNICO ESPECIALIZADO DE LABORATORIO B ,1,LES APLICA EL SPC ,ALTA DE CONFIANZA,2022,Nivel Medio Superior,Foraneo
"C.A.E. ""CARLOS VALLEJO MARQUEZ """,3,NIVEL LICENCIATURA,,CARRERA TECNICA,Administrativo y auxiliar,Extranjero Originario de REPÚBLICA DE CUBA,Medio Tiempo,20,DOCENTE,2,INTERINATO,52,31,,A01089 ,OFICINISTA A ,,EXCLUIDOS DEL SPC ,ALTA COMO SERVIDOR PÚBLICO DE CARRERA TITULAR,2021,Nivel Superior y Posgrado,#N/D
"C.A.E. ""FRANCISCO PLATA LIMON""",4,CENTROS DE INVESTIGACIÓN,,PASANTE DE CAR.PROF.,Otros,Extranjero Originario de REPÚBLICA DE HUNGRÍA,Horas,10,,4,OTRO,66,29,,S03820 ,"CONDUCTOR DE VEHICULO ""B"" ",,DESIGNACIÓN DIRECTA ,ALTA POR MOVIMIENTO LATERAL,2020,Centros de Investigación,
"C.A.E. ""JOSE GOMEZ TAGLE """,5,CENTROS DE EDUCACIÓN CONTINUA,,PRIMARIA,Servicio Profesional Especializado,Extranjero Originario de JAPÓN,3/4 Tiempo,15,,5,,55,28,,A01844 ,AUXILIAR DE OFICINA B ,,LIBRE DESIGNACIÓN ,NOMBRAMIENTO TEMPORAL BAJO EL AMPARO DEL ARTÍCULO 34 RLSPC,,Centros de Vinculación y Desarrollo Regional,
"C.A.E. ""JUAN O'GORMAN""",,,,LICENCIATURA TRUNCA,Docente en administración,Extranjero Originario de CANADÁ,,12,,6,,67,26,,S05850 ,OPERADOR DE MAQUINA DE IMPRENTA ,,GABINETE DE APOYO ,,,,
"C.A.E. ""MANUEL CERRILLO V.""",,,,PROFESIONAL,Educación,Extranjero Originario de REPÚBLICA DE COSTA RICA,,30,,8,,56,24,,A01011 ,ASISTENTE EJECUTIVO B ,,,,,,
"C.A.E. ""MANUEL L. STAMPA",,,,BACHILLERATO TRUNCO,Personal Confianza,Extranjero Naturalizado Originario de REPÚBLICA DE COLOMBIA,,18,,7,,77,19,,A01846 ,JEFE DE AREA ADMINISTRATIVA Y TECNICA B ,,,,,,
CENDI AMALIA SOLORZANO DE C.,,,,MAESTRIA,Docencia,Extranjero Originario de FEDERACIÓN DE RUSIA,,25,,9,,48,17,,A01843 ,AUXILIAR DE OFICINA A ,,,,,,
CENDI CLEMENTINA BATALLA DE B.,,,,CARRERA COMERCIAL,,Extranjero Originario de REPÚBLICA ITALIANA,,19,,,,45,12,,S01835 ,AUXILIAR DE OFICIAL DE SERVICIOS ,,,,,,
CENDI EVA SAMANO DE LOPEZ M.,,,,ESPECIALIDAD,,Extranjero Originario de REPÚBLICA DEL PERÚ,,39,,,,36,18,,T16808 ,AUXILIAR TECNICO DE LABORATORIO ,,,,,,
CENDI LAURA PEREZ DE BATIZ,,,,NORMAL,,Extranjero Originario de REPÚBLICA DE COLOMBIA,,3,,,,76,37,,CFO2301945 ,DIRECTOR DE CAE ,,,,,,
CENDI MARGARITA SALAZAR DE E.,,,,TECNICO SUPERIOR,,REINO DE ESPAÑA,,27.5,,,,50,33,,P05844 ,ANALISTA DE SISTEMAS Y PROCESOS A ,,,,,,
CENLEX SANTO TOMÁS,,,,DOCTORADO,,Extranjero Originario de REPÚBLICA DE PANAMÁ,,29,,,,51,27,,A01088 ,OFICINISTA B ,,,,,,
CENLEX ZACATENCO,,,,CANDIDATO A MAESTRIA,,Extranjero Naturalizado Originario de REINO DE ESPAÑA,,16,,,,60,14,,T16809 ,TECNICO ESPECIALIZADO DE LABORATORIO A ,,,,,,
CENTRO DE APOYO POLIFUNCIONAL SANTO TOMAS,,,,CANDIDATO A DOCTOR,,Extranjero Originario de REPÚBLICA FRANCESA,,9,,,,54,25,,S01837 ,OFICIAL DE SERVICIOS DE MANTENIMIENTO  ,,,,,,
CENTRO DE APOYO POLIFUNCIONALZACATENCO,,,,POSGRADO,,Extranjero Naturalizado Originario de REPÚBLICA DEL PERÚ,,4,,,,47,23,,T06817 ,TEC. EN PROGRAMACION Y EQ. INFORMATICOS A ,,,,,,
CENTRO DE NANOCIENCIA Y MICRO Y NANOTECNOLOGIAS,,,,DIPLOMADO,,Extranjero Naturalizado Originario de REPÚBLICA DE CUBA,,26,,,,43,39,,P05847 ,AUX. DE ANALISTA DE SISTEMAS Y PROCESOS A ,,,,,,
CENTRO NACIONAL DE CÁLCULO,,,,NO TIENE,,Extranjero Naturalizado Originario de ESTADOS UNIDOS DE AMÉRICA,,31,,,,42,16,,T03054 ,ANALISTA TECNICO ESPECIALIZADO ,,,,,,
COORDINACION DE CENTROS DE DESARROLLO INFANTIL,,,,NORMAL SUPERIOR,,Extranjero Originario de REPÚBLICA DEL ECUADOR,,11,,,,61,13,,A01012 ,ASISTENTE EJECUTIVO C ,,,,,,
COORDINACIÓN DE IMAGEN INSTITUCIONAL,,,,,,Extranjero Originario de ESTADOS UNIDOS DE AMÉRICA,,42,,,,37,38,,A01010 ,ASISTENTE EJECUTIVO A ,,,,,,
COORDINACIÓN GENERAL DE PLANEACIÓN E INFORMACIÓN INSTITUCIONAL,,,,,,Extranjero Originario de REPÚBLICA POPULAR CHINA,,21,,,,64,30,,S01836 ,OFICIAL DE SERVICIOS ,,,,,,
COORDINACION POLITECNICA PARA LA SUSTENTABILIDAD,,,,,,Extranjero Originario de UCRANIA,,38,,,,38,6,,T04807 ,TECNICO EN ARTES ,,,,,,
DEFENSORIA DE LOS DERECHOS POLITÉCNICOS,,,,,,Extranjero Originario de REPÚBLICA DE EL SALVADOR,,7,,,,41,45,,T22056 ,REDACTOR Y CORRECTOR DE TEXTOS A ,,,,,,
DEPTO PRESTACIONES Y SERVICIOS,,,,,,Extranjero Naturalizado Originario de REPÚBLICA DE HAITÍ,,41.5,,,,58,41,,S09806 ,TEC. DE SERVICIOS MECANICOS Y ELECTRICOS  ,,,,,,
DIRECCIÓN DE ACTIVIDADES DEPORTIVAS,,,,,,Extranjero Originario de AFRICA,,36,,,,68,36,,T14808 ,AUXILIAR TECNICO DE GUARDERIA ,,,,,,
DIRECCION DE ADMINISTRACIÓN ESCOLAR,,,,,,Extranjero Originario de TAIWÁN,,28,,,,57,0,,E3102 ,PROFESOR ASIGNATURA A ES  DF ,,,,,,
DIRECCIÓN DE APOYOS A ESTUDIANTES,,,,,,Extranjero Originario de REPÚBLICA DE CHILE,,37,,,,72,35,,S01841 ,SUPERVISOR DE SERVICIOS ,,,,,,
DIRECCIÓN DE BIBLIOTECAS Y PUBLICACIONES,,,,,,Extranjero Naturalizado Originario de REPÚBLICA DE ARMENIA,,13,,,,49,22,,T05811 ,BIBLIOTECONOMO B ,,,,,,
DIRECCION DE CAPITAL HUMANO,,,,,,Extranjero Naturalizado Originario de REPÚBLICA DE CAMERÚN,,35,,,,32,2,,T04805 ,AUXILIAR TECNICO EN ARTES ,,,,,,
DIRECCION DE COMPUTO Y COMUNICACIONES,,,,,,Extranjero Naturalizado Originario de REPÚBLICA DE BOLIVIA,,14,,,,35,20,,S01840 ,PREFECTO ,,,,,,
DIRECCIÓN DE DIFUSIÓN CULTURAL,,,,,,Extranjero Originario de REPÚBLICA DE CAMERÚN,,33,,,,46,5,,S01842 ,SUPERVISOR DE SERVICIOS DE MANTENIMIENTO  ,,,,,,
DIRECCIÓN DE DIFUSIÓN DE CIENCIA Y TECNOLOGÍA,,,,,,Extranjero Originario de REPÚBLICA DE BULGARIA,,41,,,,30,15,,A06008 ,PROMOTOR ESPECIALIZADO ,,,,,,
DIRECCION DE EDUCACION MEDIA SUPERIOR,,,,,,Extranjero Originario de REINO DE ESPAÑA,,34,,,,63,10,,E3040 ,TECNICO DOCENTE ASOCIADO B ES TC DF ,,,,,,
DIRECCION DE EDUCACION SUPERIOR,,,,,,Extranjero Originario de REPÚBLICA PORTUGUESA,,32,,,,20,4,,T02833 ,TECNICO EN SALUD ,,,,,,
DIRECCIÓN DE EDUCACIÓN VIRTUAL,,,,,,Extranjero Originario de REPÚBLICA DE LA INDIA,,27,,,,74,1,,T06818 ,TEC. EN PROGRAMACION Y EQ. INFORMATICOS B ,,,,,,
DIRECCION DE EGRESADOS Y SERVICIO SOCIAL,,,,,,Extranjero Naturalizado Originario de RUMANÍA,,22,,,,59,9,,E3012 ,PROFESOR ASOCIADO C ES TC DF ,,,,,,
DIRECCIÓN DE FORMACIÓN E INNOVACIÓN EDUCATIVA,,,,,,Extranjero Naturalizado Originario de REPÚBLICA ARGENTINA,,5,,,,70,40,,P05845 ,AUX. DE ANALISTA DE SISTEMAS Y PROCESOS C ,,,,,,
DIRECCION DE FORMACIÓN EN LENGUAS EXTRANJERAS,,,,,,Extranjero Naturalizado Originario de UCRANIA,,23,,,,44,11,,E2808 ,PROFESOR ASOCIADO A ES MT DF ,,,,,,
DIRECCIÓN DE INCUBACIÓN DE EMPRESAS TECNOLÓGICAS,,,,,,Extranjero Naturalizado Originario de REPÚBLICA DE EL SALVADOR,,24,,,,34,21,,P05846 ,AUX. DE ANALISTA DE SISTEMAS Y PROCESOS B ,,,,,,
DIRECCIÓN DE INFORMACIÓN INSTITUCIONAL.,,,,,,Extranjero Originario de REPÚBLICA DE NICARAGUA,,1,,,,40,7,,T06816 ,AUX. TEC. EN PROGR. Y EQ. INFORMATICOS ,,,,,,
DIRECCIÓN DE PLANEACIÓN Y ORGANIZACIÓN,,,,,,Extranjero Originario de REPÚBLICA ORIENTAL DEL URUGUAY,,6,,,,39,3,,T14809 ,TECNICO DE GUARDERIA ,,,,,,
DIRECCION DE PROGRAMACION Y PRESUPUESTO,,,,,,Extranjero Naturalizado Originario de REPÚBLICA DE LA INDIA,,17,,,,27,8,,P02807 ,PROFESIONAL EN EL AREA DE SALUD ,,,,,,
DIRECCIÓN DE PROSPECTIVA E INTELIGENCIA TECNOLÓGICA (TECHNOPOLI),,,,,,Extranjero Originario de REPÚBLICA BOLIVARIANA DE VENEZUELA,,8,,,,26,42,,ED01806 ,FACILITADOR ,,,,,,
DIRECCION DE RECURSOS FINANCIEROS,,,,,,Extranjero Originario de REPÚBLICA DE HAITÍ,,2,,,,31,48,,A01845 ,JEFE DE AREA ADMINISTRATIVA Y TECNICA A ,,,,,,
DIRECCIÓN DE RECURSOS MATERIALES E INFRAESTRUCTURA,,,,,,Extranjero Originario de REPÚBLICA DE BOLIVIA,,25.5,,,,29,49,,T23802 ,AUX. TEC. DE EQ. OPTICOS Y DE GRABACION B ,,,,,,
DIRECCIÓN DE RELACIONES INTERNACIONALES,,,,,,Extranjero Naturalizado Originario de REPÚBLICA FEDERATIVA DE BRASIL,,34.5,,,,62,52,,P02808 ,PROFESIONAL ESP. EN EL AREA DE SALUD ,,,,,,
DIRECCIÓN DE SERVICIOS EMPRESARIALES Y TRANSFERENCIA TECNOLÓGICA,,,,,,Extranjero Naturalizado Originario de REPÚBLICA BOLIVARIANA DE VENEZUELA,,26.5,,,,69,53,,T16812 ,TECNICO ESPECIALIZADO EN SALUD ,,,,,,
DIRECCION DE SERVICIOS ESTUDIANTILES,,,,,,Extranjero Naturalizado Originario de REINO DE MARRUECOS,,13.5,,,,23,46,,P05843 ,ANALISTA DE SISTEMAS Y PROCESOS B ,,,,,,
DIRECCIÓN DE SERVICIOS GENERALES,,,,,,Extranjero Originario de REPÚBLICA DOMINICANA,,18.5,,,,33,43,,T08807 ,TECNICO EN ARTES GRAFICAS B ,,,,,,
DIRECCIÓN DE SISTEMAS INFORMÁTICOS,,,,,,Extranjero Naturalizado Originario de REPÚBLICA FRANCESA,,24.5,,,,75,56,,T05810 ,BIBLIOTECONOMO A ,,,,,,
DIRECCIÓN DE VINCULACIÓN Y DESARROLLO REGIONAL,,,,,,Extranjero Originario de REPÚBLICA DE GUATEMALA,,14.5,,,,25,55,,T23803 ,TEC. DE EQUIPOS OPTICOS Y DE GRABACION A ,,,,,,
DIRECCION GENERAL,,,,,,Extranjero Naturalizado Originario de REPÚBLICA DE GUATEMALA,,22.5,,,,71,47,,E3018 ,PROFESOR TITULAR C ES TC DF ,,,,,,
DIRECTOR DE LA ORQUESTA SINFONICA DEL IPN,,,,,,Extranjero Naturalizado Originario de REPÚBLICA DE PANAMÁ,,1.5,,,,73,51,,CF52960 ,JEFE DE DEPARTAMENTO DE CENLEX ,,,,,,
ESTACION DE RADIODIFUSION XHIPN-FM 95.7 MHZ,,,,,,Extranjero Originario de REPÚBLICA ARGENTINA,,4.5,,,,22,50,,CF52954 ,SUBDIRECTOR DE CENLEX ,,,,,,
OFICINA DEL ABOGADO GENERAL,,,,,,Extranjero Originario de REPÚBLICA DE RUANDA,,19.5,,,,28,54,,CF52948 ,DIRECTOR DE CENLEX ,,,,,,
ORGANO INTERNO DE CONTROL,,,,,,Extranjero Originario de REINO DE MARRUECOS,,20.5,,,,81,58,,E3016 ,PROFESOR TITULAR B ES TC DF ,,,,,,
ORIENTACION JUVENIL SANTO TOMAS,,,,,,Extranjero Naturalizado Originario de REPÚBLICA DE COSTA DE MARFIL,,16.5,,,,78,44,,E2908 ,PROFESOR ASOCIADO A ES 3/4 DF ,,,,,,
PLANETARIO LUIS ENRIQUE ERRO,,,,,,Extranjero Naturalizado Originario de REPÚBLICA HELÉNICA,,33.5,,,,85,57,,T23801 ,AUX. TEC. DE EQ. OPTICOS Y DE GRABACION A ,,,,,,
PRESIDENCIA DEL DECANATO,,,,,,Extranjero Naturalizado Originario de FEDERACIÓN DE RUSIA,,28.5,,,,87,64,,CF52951 ,SUBDIRECTOR DE UNIDAD ACADEMICA ,,,,,,
PROYECTOS ESPECIFICOS DEL ORGANO INTERNO DE CONTROL EN EL IPN,,,,,,Extranjero Naturalizado Originario de REPÚBLICA POPULAR CHINA,,7.5,,,,83,60,,CF52945 ,DIRECTOR DE UNIDAD ACADEMICA ,,,,,,
SECRETARIA ACADEMICA,,,,,,Extranjero Originario de REPÚBLICA FEDERAL DE ALEMANIA,,30.5,,,,79,59,,E3014 ,PROFESOR TITULAR A ES TC DF ,,,,,,
SECRETARIA DE ADMINISTRACION,,,,,,Extranjero Naturalizado Originario de ESTADO LIBRE ASOCIADO DE PUERTO RICO,,23.5,,,,96,61,,CF52957 ,JEFE DE DEPARTAMENTO DE UNIDAD ACADEMICA ,,,,,,
SECRETARÍA DE INNOVACIÓN E INTEGRACIÓN SOCIAL,,,,,,Extranjero Originario de REPÚBLICA DE FILIPINAS,,39.5,,,,82,62,,"E2810 ,E3104 ","PROFESOR ASIGNATURA B ES  DF ,PROFESOR ASOCIADO B ES MT DF ",,,,,,
SECRETARIA DE INVESTIGACIÓN Y  POSGRADO,,,,,,Extranjero Originario de REPÚBLICA ISLÁMICA DE IRÁN,,38.5,,,,19,63,,S03821 ,"CONDUCTOR DE VEHICULO ""C"" ",,,,,,
SECRETARIA DE SERVICIOS EDUCATIVOS,,,,,,Extranjero Originario de REPÚBLICA HELÉNICA,,35.5,,,,24,71,,E3038 ,TECNICO DOCENTE ASOCIADO A ES TC DF ,,,,,,
SECRETARIA GENERAL,,,,,,Extranjero Originario de REPÚBLICA DEMOCRÁTICA DEL CONGO,,36.5,,,,80,69,,E3008 ,PROFESOR ASOCIADO A ES TC DF ,,,,,,
UNIDAD POLITECNICA DE GESTION CON PERSPECTIVA DE GENERO,,,,,,Extranjero Originario de REPÚBLICA DE HONDURAS,,17.5,,,,84,70,,CFO3201941 ,COORDINADOR ,,,,,,
CECyT 1 Gonzalo Vázquez Vela,,,,,,Extranjero Naturalizado Originario de REINO DE BÉLGICA,,32.5,,,,92,68,,CFM4301367 ,COORDINADOR GENERAL DE SERVICIOS INFORMÁTICOS ,,,,,,
CECyT 10 Carlos Vallejo Márquez,,,,,,,,29.5,,,,21,75,,E3010 ,PROFESOR ASOCIADO B ES TC DF ,,,,,,
CECyT 11 Wilfrido Massieu,,,,,,,,10.5,,,,88,67,,CFN3101936 ,JEFE DE DIVISIÓN ,,,,,,
CECyT 12 José María Morelos,,,,,,,,21.5,,,,89,74,,CFN3301935 ,JEFE DE DEPARTAMENTO DE APOYO DE CENTROS DE DESARROLLO INFANTIL ,,,,,,
CECyT 13 Ricardo Flores Magón,,,,,,,,15.5,,,,90,,,CFO3301692 ,TEC. DE EQUIPOS OPTICOS Y DE GRABACION C ,,,,,,
CECyT 14 Luis Enrique Erro,,,,,,,,31.5,,,,86,,,CF52966 ,DIRECTOR DE CENTRO DE DESARROLLO INFANTIL ,,,,,,
CECyT 15 Diódoro Antúnez Echegaray,,,,,,,,37.5,,,,93,,,T23805 ,TECNICO TITULAR B ES TC DF ,,,,,,
CECyT 16 Hidalgo,,,,,,,,11.5,,,,99,,,CF52965 ,TECNICO DOCENTE ASOCIADO C ES TC DF ,,,,,,
CECyT 17 León Guanajuato,,,,,,,,8.5,,,,95,,,E3046 ,COORDINADOR DE CENTROS DE DESARROLLO INFANTIL ,,,,,,
CECyT 18 Zacatecas,,,,,,,,12.5,,,,91,,,E3042 ,"PROFESOR ASIGNATURA B ES  DF ,PROFESOR TITULAR A ES 3/4 DF ",,,,,,
CECyT 19 Leona Vicario,,,,,,,,6.5,,,,18,,,CF52964 ,PROFESOR ASIGNATURA B ES  DF ,,,,,,
CECyT 2 Miguel Bernard,,,,,,,,9.5,,,,98,,,"E2914 ,E3104 ",REDACTOR Y CORRECTOR DE TEXTOS C ,,,,,,
CECyT 3 Estanislao Ramírez Ruiz,,,,,,,,,,,,94,,,E3104 ,"PROFESOR ASIGNATURA A ES  DF ,PROFESOR ASOCIADO A ES 3/4 DF ",,,,,,
CECyT 4 Lazaro Cárdenas,,,,,,,,,,,,97,,,CFM3301369 ,JEFE DE DEPARTAMENTO ,,,,,,
CECyT 5 Benito Juárez,,,,,,,,,,,,,,,T22054 ,ENCARGADO DE ACUERDOS ,,,,,,
CECyT 6 Miguel Othón de Mendizábal,,,,,,,,,,,,,,,"E2908 ,E3102 ",SECRETARIO ,,,,,,
CECyT 7 Cuauhtémoc,,,,,,,,,,,,,,,CFO3301694 ,"PROFESOR ASIGNATURA A ES  DF ,TECNICO DOCENTE ASIGNATURA B ES  DF ,TECNICO DOCENTE ASOCIADO A ES MT DF ",,,,,,
CECyT 8 Narciso Bassols,,,,,,,,,,,,,,,CFO3301937 ,PROFESOR ASOCIADO B ES MT DF ,,,,,,
CECyT 9 Juan de Dios Bátiz,,,,,,,,,,,,,,,CFM2301103 ,"JEFE DE AREA ADMINISTRATIVA Y TECNICA ""B"" ",,,,,,
CET 1 Walter Cross Buchanan,,,,,,,,,,,,,,,CFM4301363 ,SUBDIRECTOR DE DEFENSORIA DE LOS DERECHOS POLITECNICOS ,,,,,,
CICS MILPA ALTA,,,,,,,,,,,,,,,"E2838 ,E3102 ,E3112 ",DIRECTOR DE DEFENSORIA DE LOS DERECHOS POLITECNICOS ,,,,,,
CICS SANTO TOMÁS,,,,,,,,,,,,,,,E2810 ,REDACTOR Y CORRECTOR DE TEXTOS B ,,,,,,
ENBA,,,,,,,,,,,,,,,CF53703 ,ANALISTA DE SISTEMAS Y PROCESOS C ,,,,,,
ENCB,,,,,,,,,,,,,,,CF52955 ,PROM. DE SERV. EDUCATIVOS Y TECNOLOGICOS ,,,,,,
ENMH,,,,,,,,,,,,,,,CF52949 ,AUX. DE OFICIAL DE SERVICIOS DE MANTTO. ,,,,,,
ESCA SANTO TOMÁS,,,,,,,,,,,,,,,T22055 ,"PROFESOR ASIGNATURA A ES  DF ,TECNICO DOCENTE ASIGNATURA B ES  DF ",,,,,,
ESCA TEPEPAN,,,,,,,,,,,,,,,P05842 ,"PROFESOR ASIGNATURA A ES  DF ,TECNICO DOCENTE ASIGNATURA A ES  DF ",,,,,,
ESCOM,,,,,,,,,,,,,,,A06007 ,TECNICO DOCENTE ASIGNATURA B ES  DF ,,,,,,
ESE,,,,,,,,,,,,,,,S01834 ,TECNICO DOCENTE AUXILIAR C ES TC DF ,,,,,,
ESEO,,,,,,,,,,,,,,,"E3102 ,E3112 ","PROFESOR ASIGNATURA B ES  DF ,PROFESOR ASOCIADO C ES 3/4 DF ",,,,,,
ESFM,,,,,,,,,,,,,,,"E3102 ,E3110 ","TECNICO DOCENTE ASIGNATURA C ES  DF ,TECNICO DOCENTE ASOCIADO A ES MT DF ",,,,,,
ESIA TECAMACHALCO,,,,,,,,,,,,,,,E3112 ,TECNICO DOCENTE ASIGNATURA A ES  DF ,,,,,,
ESIA TICOMÁN,,,,,,,,,,,,,,,E3036 ,DIRECTOR DE ÁREA ,,,,,,
ESIA ZACATENCO,,,,,,,,,,,,,,,"E2912 ,E3104 ",TECNICO ESPECIALIZADO DE LABORATORIO C ,,,,,,
ESIME AZCAPOTZALCO,,,,,,,,,,,,,,,"E2838 ,E3114 ",TECNICO DOCENTE ASIGNATURA C ES  DF ,,,,,,
ESIME CULHUACAN,,,,,,,,,,,,,,,E3110 ,"TECNICO DOCENTE ASIGNATURA A ES  DF ,TECNICO DOCENTE ASOCIADO B ES 3/4 DF ",,,,,,
ESIME TICOMÁN,,,,,,,,,,,,,,,CFM3301368 ,TECNICO TITULAR A ES 3/4 DF ,,,,,,
ESIME ZACATENCO,,,,,,,,,,,,,,,T16811 ,TECNICO DOCENTE ASOCIADO A ES 3/4 DF ,,,,,,
ESIQIE,,,,,,,,,,,,,,,E3114 ,"PROFESOR ASIGNATURA B ES  DF ,PROFESOR ASOCIADO A ES 3/4 DF ",,,,,,
ESIT,,,,,,,,,,,,,,,"E2940 ,E3110 ","PROFESOR ASIGNATURA B ES  DF ,PROFESOR ASOCIADO B ES 3/4 DF ",,,,,,
ESM,,,,,,,,,,,,,,,E2944 ,"PROFESOR ASIGNATURA B ES  DF ,PROFESOR ASOCIADO A ES MT DF ",,,,,,
EST,,,,,,,,,,,,,,,E2938 ,TECNICO EN ARTES GRAFICAS A ,,,,,,
UPIBI,,,,,,,,,,,,,,,"E2908 ,E3104 ","PROFESOR ASIGNATURA B ES  DF ,PROFESOR ASOCIADO B ES TC DF ",,,,,,
UPIEM,,,,,,,,,,,,,,,"E2910 ,E3104 ","PROFESOR ASIGNATURA A ES  DF ,PROFESOR ASIGNATURA B ES  DF ,PROFESOR ASOCIADO A ES MT DF ",,,,,,
UPIIC,,,,,,,,,,,,,,,"E2808 ,E3104 ",TECNICO TITULAR A ES TC DF ,,,,,,
UPIICSA,,,,,,,,,,,,,,,T08806 ,"PROFESOR ASIGNATURA A ES  DF ,PROFESOR ASIGNATURA B ES  DF ",,,,,,
UPIIG,,,,,,,,,,,,,,,"E3010 ,E3104 ","PROFESOR ASIGNATURA A ES  DF ,PROFESOR ASOCIADO B ES 3/4 DF ",,,,,,
UPIIH,,,,,,,,,,,,,,,"E2808 ,E3102 ,E3104 ",TECNICO DOCENTE AUXILIAR B ES TC DF ,,,,,,
UPIIP,,,,,,,,,,,,,,,CFN3101690 ,PROFESOR ASISTENTE C ES TC DF ,,,,,,
UPIIT,,,,,,,,,,,,,,,E3044 ,"PROFESOR ASIGNATURA B ES  DF ,PROFESOR TITULAR C ES 3/4 DF ",,,,,,
UPIITA,,,,,,,,,,,,,,,"E3102 ,E3104 ",PROFESOR ASOCIADO C ES 3/4 DF ,,,,,,
U.P.I.I.Z.,,,,,,,,,,,,,,,"E2910 ,E3102 ",PROFESOR ASOCIADO B ES 3/4 DF ,,,,,,
CBG,,,,,,,,,,,,,,,E3034 ,TEC. DE EQUIPOS OPTICOS Y DE GRABACION B ,,,,,,
CENTRO DE DESARROLLO AEROESPACIAL,,,,,,,,,,,,,,,E3006 ,MUSICO PRINCIPAL ,,,,,,
"CENTRO DE INNOVACIÓN E INTEGRACIÓN TECNOL. AVANZADAS, CHIHUAHUA",,,,,,,,,,,,,,,"E2918 ,E3104 ",MUSICO SEGUNDA PLAZA ,,,,,,
"CENTRO DE INNOVACIÓN E INTEGRACIÓN TECNOL. AVANZADAS, VERACRUZ",,,,,,,,,,,,,,,E2912 ,MUSICO TERCERA PLAZA ,,,,,,
CEPROBI,,,,,,,,,,,,,,,E2910 ,MUSICO CONCERTINO ,,,,,,
CIBA,,,,,,,,,,,,,,,T23804 ,"PROFESOR ASIGNATURA B ES  DF ,PROFESOR TITULAR A ES MT DF ",,,,,,
CIC,,,,,,,,,,,,,,,T20811 ,"TECNICO DOCENTE ASIGNATURA B ES  DF ,TECNICO DOCENTE ASOCIADO A ES MT DF ",,,,,,
CICATA  ALTAMIRA,,,,,,,,,,,,,,,T20808 ,JEFE DE DEPARTAMENTO DE CENTRO DE DIFUSION DE CIENCIA Y TECNOLOGIA ,,,,,,
CICATA  LEGARIA,,,,,,,,,,,,,,,T20809 ,"PROFESOR ASIGNATURA A ES  DF ,TECNICO DOCENTE ASOCIADO B ES 3/4 DF ",,,,,,
CICATA  QUERÉTARO,,,,,,,,,,,,,,,T20810 ,SUBDIRECTOR DE CENTRO DE DIFUSION DE CIENCIA Y TECNOLOGIA ,,,,,,
CICATA MORELOS,,,,,,,,,,,,,,,"E2814 ,E3104 ",PROFESOR TITULAR B ES MT DF ,,,,,,
CICIMAR,,,,,,,,,,,,,,,"E2838 ,E3112 ",TECNICO DOCENTE ASOCIADO B ES 3/4 DF ,,,,,,
CIDETEC,,,,,,,,,,,,,,,CF52959 ,JEFE DE DEPARTAMENTO DE CENTRO DE APOYO EDUCATIVO ,,,,,,
CIECAS,,,,,,,,,,,,,,,"E2940 ,E3102 ",SUBDIRECTOR DE CENTRO DE APOYO EDUCATIVO ,,,,,,
CIIDIR  MICHOACAN,,,,,,,,,,,,,,,CF52953 ,DIRECTOR DE CENTRO DE APOYO EDUCATIVO ,,,,,,
CIIDIR DURANGO,,,,,,,,,,,,,,,E2816 ,"PROFESOR ASIGNATURA B ES  DF ,PROFESOR ASOCIADO C ES MT DF ",,,,,,
CIIDIR OAXACA,,,,,,,,,,,,,,,E2940 ,PROFESOR TITULAR A ES 3/4 DF ,,,,,,
CIIDIR SINALOA,,,,,,,,,,,,,,,CF52962 ,TECNICO DOCENTE ASOCIADO A ES MT DF ,,,,,,
CIIEMAD,,,,,,,,,,,,,,,CF52956 ,JEFE DE DEPARTAMENTO DE UNIDAD DE FOMENTO Y DESARROLLO EMPRESARIAL ,,,,,,
CIITEC,,,,,,,,,,,,,,,CF52950 ,SUBDIRECTOR DE UNIDAD DE FOMENTO Y DESARROLLO EMPRESARIAL ,,,,,,
CITEDI,,,,,,,,,,,,,,,"E2812 ,E3104 ",TECNICO DOCENTE ASOCIADO C ES 3/4 DF ,,,,,,
CMP+L,,,,,,,,,,,,,,,E2914 ,DIRECTOR DE UNIDAD DE FOMENTO Y DESARROLLO EMPRESARIAL ,,,,,,
CRP+L TAB.,,,,,,,,,,,,,,,E2838 ,"TECNICO DOCENTE ASIGNATURA A ES  DF ,TECNICO DOCENTE ASOCIADO C ES MT DF ",,,,,,
CVDR  TIJUANA,,,,,,,,,,,,,,,CF52969 ,"PROFESOR ASIGNATURA A ES  DF ,PROFESOR TITULAR A ES MT DF ",,,,,,
"CVDR CAJEME, SONORA",,,,,,,,,,,,,,,CF52968 ,"PROFESOR ASIGNATURA A ES  DF ,PROFESOR TITULAR A ES 3/4 DF ",,,,,,
CVDR CAMPECHE,,,,,,,,,,,,,,,E2942 ,TECNICO DOCENTE AUXILIAR A ES 3/4 DF ,,,,,,
CVDR CANCÚN,,,,,,,,,,,,,,,CF52967 ,"PROFESOR ASIGNATURA A ES  DF ,PROFESOR ASOCIADO B ES MT DF ",,,,,,
CVDR CULIACÁN,,,,,,,,,,,,,,,"E2842 ,E3110 ",ASESOR DE DIRECTOR GENERAL ,,,,,,
CVDR DURANGO,,,,,,,,,,,,,,,"E2814 ,E3102 ",DIRECTOR GENERAL ,,,,,,
CVDR LOS MOCHIS,,,,,,,,,,,,,,,"E2914 ,E3102 ",SECRETARIO PARTICULAR DE DIRECTOR GENERAL ,,,,,,
CVDR MAZATLÁN,,,,,,,,,,,,,,,E2932 ,DIRECTOR DE ORQUESTA SINFONICA ,,,,,,
CVDR MORELIA,,,,,,,,,,,,,,,"E2810 ,E3102 ","PROFESOR ASIGNATURA A ES  DF ,PROFESOR ASOCIADO B ES TC DF ",,,,,,
CVDR OAXACA,,,,,,,,,,,,,,,CFN3153262 ,ABOGADO GENERAL ,,,,,,
CVDR TAMPICO,,,,,,,,,,,,,,,CFJ3151004 ,TITULAR DE ÁREAS DEL ÓRG. INTERNO DE CONTROL ,,,,,,
CVDR TLAXCALA,,,,,,,,,,,,,,,CFM2355036 ,TITULAR DEL ÓRGANO INTERNO DE CONTROL ,,,,,,
ABOGADO GENERAL,,,,,,,,,,,,,,,CFM3353240 ,PRESIDENCIA DEL DECANATO ,,,,,,
"C.A.E. ""GUILLERMO MASSIEU """,,,,,,,,,,,,,,,CFM2160041 ,"PROFESOR ASIGNATURA B ES  DF ,PROFESOR TITULAR B ES 3/4 DF ",,,,,,
"C.A.E. ""MA. LUISA PRADO DE M.",,,,,,,,,,,,,,,CFN3353261 ,"PROFESOR ASIGNATURA B ES  DF ,TECNICO DOCENTE ASOCIADO B ES MT DF ",,,,,,
CENLEX S. T.,,,,,,,,,,,,,,,CFM2353242 ,"PROFESOR ASIGNATURA A ES  DF ,PROFESOR ASOCIADO C ES 3/4 DF ",,,,,,
CENLEX ZAC.,,,,,,,,,,,,,,,CF52963 ,PROFESOR TITULAR C EMS TC DF ,,,,,,
COORDINACIÓN GENERAL DEL CENTRO NACIONAL DE CÁLCULO,,,,,,,,,,,,,,,CFM3301371 ,"PROFESOR ASIGNATURA A EMS  DF ,PROFESOR ASIGNATURA B EMS  DF ,PROFESOR ASOCIADO B EMS 3/4 DF ",,,,,,
COORDINACION INSTITUCIONAL DE TUTORIA POLITECNICA,,,,,,,,,,,,,,,"E3010 ,E3102 ",PROFESOR TITULAR A EMS TC DF ,,,,,,
DIRECCIÓN DE PROSPECTIVA E INTELIGENCIA TECNOLÓGICA TECNÓPOLI,,,,,,,,,,,,,,,CFM4301364 ,TECNICO DOCENTE ASOCIADO A EMS TC DF ,,,,,,
DIRECCION DE PUBLICACIONES,,,,,,,,,,,,,,,CFM3301370 ,"PROFESOR ASIGNATURA A EMS  DF ,PROFESOR TITULAR A EMS 3/4 DF ",,,,,,
C.E.CYT. # 19 LEONA VICARIO TECÁMAC,,,,,,,,,,,,,,,CFM4301365 ,"PROFESOR ASIGNATURA A EMS  DF ,PROFESOR ASIGNATURA B EMS  DF ,PROFESOR TITULAR C EMS 3/4 DF ",,,,,,
CECyT 1 GVV,,,,,,,,,,,,,,,CFN2201117 ,"PROFESOR ASIGNATURA A EMS  DF ,TECNICO DOCENTE ASIGNATURA B EMS  DF ,TECNICO DOCENTE ASOCIADO C EMS MT DF ",,,,,,
CECyT 10 CVM,,,,,,,,,,,,,,,CFN2101938 ,"PROFESOR ASIGNATURA A EMS  DF ,PROFESOR ASIGNATURA B EMS  DF ,PROFESOR ASOCIADO B EMS MT DF ",,,,,,
CECyT 11 WM,,,,,,,,,,,,,,,CF52000 ,"PROFESOR ASIGNATURA A EMS  DF ,PROFESOR TITULAR C EMS 3/4 DF ",,,,,,
CECyT 12 JMMP,,,,,,,,,,,,,,,CFN3301680 ,"PROFESOR ASIGNATURA A EMS  DF ,PROFESOR ASIGNATURA B EMS  DF ",,,,,,
CECyT 13 RFM,,,,,,,,,,,,,,,"E2916 ,E3104 ","PROFESOR ASIGNATURA A EMS  DF ,PROFESOR ASIGNATURA B EMS  DF ,PROFESOR TITULAR B EMS 3/4 DF ",,,,,,
CECyT 14 LEE,,,,,,,,,,,,,,,"E2840 ,E3104 ","PROFESOR ASIGNATURA A EMS  DF ,PROFESOR ASIGNATURA B EMS  DF ,PROFESOR ASOCIADO C EMS MT DF ",,,,,,
CECyT 15 DAE,,,,,,,,,,,,,,,CFO3101694 ,"PROFESOR ASIGNATURA A EMS  DF ,PROFESOR ASIGNATURA B EMS  DF ,PROFESOR TITULAR C EMS MT DF ",,,,,,
CECyT 16 PACHUCA HIDALGO,,,,,,,,,,,,,,,CFO3160054 ,TECNICO DOCENTE ASIGNATURA A EMS  DF ,,,,,,
CECyT 17 L. GTO,,,,,,,,,,,,,,,"E2912 ,E3102 ","PROFESOR ASIGNATURA A EMS  DF ,PROFESOR TITULAR C EMS MT DF ",,,,,,
CECyT 2 MB,,,,,,,,,,,,,,,CFO2301947 ,"PROFESOR ASIGNATURA A EMS  DF ,PROFESOR ASIGNATURA B EMS  DF ,PROFESOR TITULAR B EMS MT DF ",,,,,,
CECyT 3 ERR,,,,,,,,,,,,,,,CFM3301372 ,PROFESOR TITULAR B EMS 3/4 DF ,,,,,,
CECyT 4 LC,,,,,,,,,,,,,,,E3064 ,"PROFESOR ASIGNATURA A EMS  DF ,TECNICO DOCENTE ASIGNATURA A EMS  DF ",,,,,,
CECyT 5 BJ,,,,,,,,,,,,,,,"E2926 ,E3106 ,E3108 ","PROFESOR ASIGNATURA A EMS  DF ,PROFESOR ASIGNATURA B EMS  DF ,PROFESOR TITULAR A EMS MT DF ",,,,,,
CECyT 6 MOM,,,,,,,,,,,,,,,E3028 ,"PROFESOR ASIGNATURA A EMS  DF ,PROFESOR ASOCIADO C EMS MT DF ",,,,,,
CECyT 7 C,,,,,,,,,,,,,,,E3054 ,TECNICO DOCENTE ASIGNATURA B EMS  DF ,,,,,,
CECyT 8 NB,,,,,,,,,,,,,,,"E2928 ,E3106 ","TECNICO DOCENTE ASIGNATURA A EMS  DF ,TECNICO DOCENTE ASIGNATURA B EMS  DF ",,,,,,
CECyT 9 JDB,,,,,,,,,,,,,,,"E2964 ,E3106 ,E3108 ",PROFESOR ASIGNATURA A EMS  DF ,,,,,,
CET 1 WCB,,,,,,,,,,,,,,,"E2858 ,E3106 ,E3126 ","PROFESOR ASIGNATURA A EMS  DF ,PROFESOR TITULAR B EMS 3/4 DF ",,,,,,
CICS M. A.,,,,,,,,,,,,,,,"E2826 ,E3106 ,E3108 ",PROFESOR TITULAR A EMS 3/4 DF ,,,,,,
CICS S. T.,,,,,,,,,,,,,,,"E2964 ,E3106 ","PROFESOR ASIGNATURA A EMS  DF ,PROFESOR ASOCIADO B EMS MT DF ",,,,,,
ESCA S. T.,,,,,,,,,,,,,,,"E3106 ,E3108 ","PROFESOR ASIGNATURA B EMS  DF ,PROFESOR ASOCIADO B EMS MT DF ",,,,,,
ESCA TEP.,,,,,,,,,,,,,,,"E2930 ,E3106 ,E3108 ",PROFESOR ASIGNATURA B EMS  DF ,,,,,,
ESCUELA NACIONAL DE BIBLIOTECONOMIA Y ARCHIVONOMIA,,,,,,,,,,,,,,,"E2862 ,E3106 ,E3108 ",PROFESOR TITULAR C EMS MT DF ,,,,,,
ESIA TEC.,,,,,,,,,,,,,,,"E2864 ,E3106 ,E3108 ","PROFESOR ASIGNATURA A EMS  DF ,PROFESOR ASIGNATURA B EMS  DF ,PROFESOR ASOCIADO A EMS MT DF ",,,,,,
ESIA TIC.,,,,,,,,,,,,,,,E3124 ,PROFESOR TITULAR B EMS TC DF ,,,,,,
ESIA ZAC.,,,,,,,,,,,,,,,"E2864 ,E3106 ",PROFESOR TITULAR C EMS 3/4 DF ,,,,,,
ESIME AZC.,,,,,,,,,,,,,,,"E2830 ,E3106 ,E3108 ","PROFESOR ASIGNATURA B EMS  DF ,PROFESOR TITULAR C EMS 3/4 DF ,TECNICO DOCENTE ASIGNATURA A EMS  DF ",,,,,,
ESIME CUL.,,,,,,,,,,,,,,,E2930 ,"PROFESOR ASIGNATURA A EMS  DF ,PROFESOR ASIGNATURA B EMS  DF ,PROFESOR TITULAR A EMS 3/4 DF ",,,,,,
ESIME TIC.,,,,,,,,,,,,,,,"E3106 ,E3124 ","PROFESOR ASIGNATURA A EMS  DF ,PROFESOR TITULAR B EMS MT DF ",,,,,,
ESIME ZAC.,,,,,,,,,,,,,,,"E2828 ,E3106 ,E3108 ",PROFESOR TITULAR B EMS MT DF ,,,,,,
UPI ENERGÍA Y MOVILIDAD,,,,,,,,,,,,,,,"E2862 ,E3106 ","PROFESOR ASIGNATURA A EMS  DF ,PROFESOR TITULAR A EMS MT DF ",,,,,,
UPII PALENQUE,,,,,,,,,,,,,,,E3126 ,"PROFESOR ASIGNATURA B EMS  DF ,PROFESOR TITULAR C EMS 3/4 DF ",,,,,,
UPII TLAXCALA,,,,,,,,,,,,,,,"E3124 ,E3126 ","PROFESOR ASIGNATURA A EMS  DF ,PROFESOR ASOCIADO B EMS 3/4 DF ",,,,,,
CENTRO MEXICANO PARA LA PRODUCCIÓN MÁS LIMPIA ( CMP+L),,,,,,,,,,,,,,,E3106 ,"PROFESOR ASIGNATURA A EMS  DF ,PROFESOR ASOCIADO C EMS 3/4 DF ",,,,,,
CIBA TLAX.,,,,,,,,,,,,,,,"E2930 ,E3106 ",PROFESOR ASOCIADO C EMS MT DF ,,,,,,
CICATA  ALT.,,,,,,,,,,,,,,,E2928 ,TECNICO DOCENTE ASOCIADO B EMS TC DF ,,,,,,
CICATA  LEG.,,,,,,,,,,,,,,,"E2826 ,E3106 ","PROFESOR ASIGNATURA A EMS  DF ,TECNICO DOCENTE ASIGNATURA C EMS  DF ",,,,,,
CICATA  QRO.,,,,,,,,,,,,,,,"E2826 ,E3108 ",PROFESOR ASOCIADO A EMS TC DF ,,,,,,
CIIDIR  MICH.,,,,,,,,,,,,,,,E3108 ,"PROFESOR ASIGNATURA A EMS  DF ,PROFESOR ASOCIADO A EMS 3/4 DF ",,,,,,
CIIDIR DGO.,,,,,,,,,,,,,,,E2864 ,"PROFESOR ASIGNATURA A EMS  DF ,TECNICO DOCENTE ASOCIADO C EMS MT DF ",,,,,,
CIIDIR OAX.,,,,,,,,,,,,,,,"E2824 ,E3106 ,E3108 ","CONDUCTOR DE VEHICULO ""A"" ",,,,,,
CIIDIR SIN.,,,,,,,,,,,,,,,E3030 ,PROFESOR ASOCIADO B EMS TC DF ,,,,,,
CEC  MORELOS,,,,,,,,,,,,,,,E2964 ,TECNICO DOCENTE AUXILIAR C EMS 3/4 DF ,,,,,,
CEC TLAXCALA,,,,,,,,,,,,,,,"E2964 ,E3108 ,E3124 ",PROFESOR ASOCIADO A EMS MT DF ,,,,,,
CM ESIME EMD,,,,,,,,,,,,,,,"E2928 ,E3106 ,E3108 ","PROFESOR ASIGNATURA A EMS  DF ,PROFESOR ASOCIADO A EMS MT DF ",,,,,,
COORDINACIÓN GENERAL DE ORGANIZACIÓN E INFORMACIÓN INSTITUCIONAL,,,,,,,,,,,,,,,"E2830 ,E3106 ",PROFESOR ASOCIADO C EMS 3/4 DF ,,,,,,
DIRECCIÓN DE DIFUSIÓN DE CIENCIA Y TECNOLOGÍA ,,,,,,,,,,,,,,,E2830 ,"PROFESOR ASIGNATURA B EMS  DF ,PROFESOR TITULAR C EMS MT DF ,TECNICO DOCENTE ASIGNATURA A EMS  DF ",,,,,,
C.E.C. ING. EUGENIO MENDEZ DOCURRO,,,,,,,,,,,,,,,"E2828 ,E3106 ","PROFESOR ASIGNATURA B EMS  DF ,PROFESOR TITULAR A EMS MT DF ",,,,,,
C.E.C. MORELOS,,,,,,,,,,,,,,,"E2964 ,E3108 ","TECNICO DOCENTE ASIGNATURA A EMS  DF ,TECNICO DOCENTE ASOCIADO A EMS MT DF ",,,,,,
C.E.C. TLAXCALA,,,,,,,,,,,,,,,"E2926 ,E3106 ",PROFESOR ASISTENTE C EMS TC DF ,,,,,,
CENTRO DE VINCULACIÓN Y DESARROLLO REGIONAL MORELIA,,,,,,,,,,,,,,,"E2962 ,E3106 ","PROFESOR ASIGNATURA B EMS  DF ,TECNICO DOCENTE ASIGNATURA A EMS  DF ,TECNICO DOCENTE ASIGNATURA B EMS  DF ,TECNICO DOCENTE ASOCIADO B EMS MT DF ",,,,,,
CENTRO DE VINCULACIÓN Y DESARROLLO REGIONAL OAXACA,,,,,,,,,,,,,,,E2862 ,"PROFESOR ASIGNATURA B EMS  DF ,PROFESOR TITULAR A EMS 3/4 DF ",,,,,,
CENTRO DE VINCULACIÓN Y DESARROLLO REGIONAL TAMPICO,,,,,,,,,,,,,,,E3056 ,"PROFESOR ASIGNATURA B EMS  DF ,PROFESOR TITULAR B EMS MT DF ",,,,,,
CENTRO DE VINCULACIÓN Y DESARROLLO REGIONAL TIJUANA,,,,,,,,,,,,,,,"E3106 ,E3128 ","PROFESOR ASIGNATURA A EMS  DF ,TECNICO DOCENTE ASIGNATURA B EMS  DF ",,,,,,
"CENTRO DE VINCULACIÓN Y DESARROLLO REGIONAL UNIDAD CAJEME, SONORA",,,,,,,,,,,,,,,E3024 ,"PROFESOR ASIGNATURA B EMS  DF ,PROFESOR ASOCIADO C EMS 3/4 DF ",,,,,,
CENTRO DE VINCULACIÓN Y DESARROLLO REGIONAL UNIDAD CAMPECHE,,,,,,,,,,,,,,,"E2924 ,E3106 ",PROFESOR ASOCIADO B EMS MT DF ,,,,,,
CENTRO DE VINCULACIÓN Y DESARROLLO REGIONAL UNIDAD CANCÚN,,,,,,,,,,,,,,,"E2858 ,E3106 ","PROFESOR ASIGNATURA B EMS  DF ,TECNICO DOCENTE ASIGNATURA A EMS  DF ",,,,,,
CENTRO DE VINCULACIÓN Y DESARROLLO REGIONAL UNIDAD CULIACÁN,,,,,,,,,,,,,,,S03819 ,PROFESOR ASOCIADO C EMS TC DF ,,,,,,
CENTRO DE VINCULACIÓN Y DESARROLLO REGIONAL UNIDAD DURANGO,,,,,,,,,,,,,,,E3026 ,"PROFESOR ASIGNATURA B EMS  DF ,PROFESOR ASOCIADO C EMS MT DF ",,,,,,
CENTRO DE VINCULACIÓN Y DESARROLLO REGIONAL UNIDAD LOS MOCHIS,,,,,,,,,,,,,,,E2952 ,"PROFESOR ASIGNATURA B EMS  DF ,PROFESOR ASOCIADO B EMS 3/4 DF ",,,,,,
CENTRO DE VINCULACIÓN Y DESARROLLO REGIONAL UNIDAD MAZATLÁN,,,,,,,,,,,,,,,E2824 ,"PROFESOR ASIGNATURA B EMS  DF ,PROFESOR ASOCIADO A EMS 3/4 DF ",,,,,,
,,,,,,,,,,,,,,,"E2824 ,E3106 ","PROFESOR ASIGNATURA B EMS  DF ,PROFESOR ASOCIADO A EMS MT DF ",,,,,,
,,,,,,,,,,,,,,,E2962 ,"PROFESOR ASOCIADO A EMS 3/4 DF ,TECNICO DOCENTE ASIGNATURA A EMS  DF ",,,,,,
,,,,,,,,,,,,,,,"E2864 ,E3108 ,E3124 ",PROFESOR TITULAR A EMS MT DF ,,,,,,
,,,,,,,,,,,,,,,"E2828 ,E3108 ",TECNICO DOCENTE ASOCIADO A EMS MT DF ,,,,,,
,,,,,,,,,,,,,,,"E2854 ,E3124 ","PROFESOR ASIGNATURA A EMS  DF ,TECNICO DOCENTE ASOCIADO A EMS MT DF ",,,,,,
,,,,,,,,,,,,,,,E3060 ,"PROFESOR ASIGNATURA B EMS  DF ,PROFESOR ASOCIADO A EMS MT DF ,TECNICO DOCENTE ASIGNATURA A EMS  DF ",,,,,,
,,,,,,,,,,,,,,,"E2856 ,E3108 ,E3124 ,E3126 ","PROFESOR ASIGNATURA A EMS  DF ,PROFESOR TITULAR C EMS 3/4 DF ,TECNICO DOCENTE ASIGNATURA A EMS  DF ",,,,,,
,,,,,,,,,,,,,,,"E2928 ,E3108 ","PROFESOR ASIGNATURA A EMS  DF ,PROFESOR ASIGNATURA B EMS  DF ,TECNICO DOCENTE ASIGNATURA A EMS  DF ",,,,,,
,,,,,,,,,,,,,,,"E2830 ,E3108 ","PROFESOR ASIGNATURA B EMS  DF ,PROFESOR TITULAR C EMS MT DF ",,,,,,
,,,,,,,,,,,,,,,"E3106 ,E3126 ",TECNICO DOCENTE ASIGNATURA C EMS  DF ,,,,,,
,,,,,,,,,,,,,,,"E2962 ,E3108 ","PROFESOR ASIGNATURA B EMS  DF ,PROFESOR TITULAR B EMS 3/4 DF ",,,,,,
,,,,,,,,,,,,,,,E2826 ,PROFESOR TITULAR C EMS TC FOR ,,,,,,
,,,,,,,,,,,,,,,"E3108 ,E3124 ",PROFESOR TITULAR C EMS MT FOR ,,,,,,
,,,,,,,,,,,,,,,E3062 ,PROFESOR ASOCIADO A EMS TC FOR ,,,,,,
,,,,,,,,,,,,,,,"E2862 ,E3108 ","PROFESOR ASIGNATURA A EMS  FOR ,PROFESOR ASOCIADO C EMS MT FOR ",,,,,,
,,,,,,,,,,,,,,,"E2926 ,E3108 ",PROFESOR ASOCIADO C EMS TC FOR ,,,,,,
,,,,,,,,,,,,,,,"E2924 ,E3108 ","PROFESOR ASIGNATURA A EMS  FOR ,PROFESOR TITULAR C EMS MT FOR ",,,,,,
,,,,,,,,,,,,,,,"E2824 ,E3108 ","PROFESOR ASIGNATURA A EMS  FOR ,PROFESOR TITULAR A EMS MT FOR ",,,,,,
,,,,,,,,,,,,,,,"E2924 ,E3124 ","PROFESOR ASIGNATURA A EMS  FOR ,PROFESOR TITULAR A EMS 3/4 FOR ",,,,,,
,,,,,,,,,,,,,,,E2828 ,"PROFESOR ASIGNATURA A EMS  FOR ,PROFESOR TITULAR C EMS 3/4 FOR ",,,,,,
,,,,,,,,,,,,,,,E2854 ,"PROFESOR ASIGNATURA A EMS  FOR ,PROFESOR TITULAR B EMS 3/4 FOR ",,,,,,
,,,,,,,,,,,,,,,"E2854 ,E3106 ",TECNICO DOCENTE ASIGNATURA A EMS  FOR ,,,,,,
,,,,,,,,,,,,,,,"E2824 ,E3108 ,E3124 ",PROFESOR ASOCIADO B EMS 3/4 FOR ,,,,,,
,,,,,,,,,,,,,,,"E2964 ,E3106 ,E3124 ",PROFESOR TITULAR A EMS TC FOR ,,,,,,
,,,,,,,,,,,,,,,"E3106 ,E3108 ,E3124 ","PROFESOR ASIGNATURA A EMS  FOR ,PROFESOR ASOCIADO C EMS 3/4 FOR ",,,,,,
,,,,,,,,,,,,,,,"E2864 ,E3108 ","PROFESOR ASIGNATURA A EMS  FOR ,PROFESOR ASOCIADO A EMS 3/4 FOR ",,,,,,
,,,,,,,,,,,,,,,E3128 ,PROFESOR ASIGNATURA A EMS  FOR ,,,,,,
,,,,,,,,,,,,,,,"E2930 ,E3108 ","PROFESOR ASIGNATURA A EMS  FOR ,PROFESOR ASOCIADO A EMS MT FOR ",,,,,,
,,,,,,,,,,,,,,,E3063 ,PROFESOR ASOCIADO C EMS 3/4 FOR ,,,,,,
,,,,,,,,,,,,,,,E2863 ,PROFESOR TITULAR B EMS TC FOR ,,,,,,
,,,,,,,,,,,,,,,E3023 ,"PROFESOR ASIGNATURA A EMS  FOR ,PROFESOR ASIGNATURA B EMS  FOR ,PROFESOR TITULAR C EMS 3/4 FOR ",,,,,,
,,,,,,,,,,,,,,,"E2861 ,E3105 ","PROFESOR ASIGNATURA B EMS  FOR ,PROFESOR TITULAR C EMS MT FOR ",,,,,,
,,,,,,,,,,,,,,,E3061 ,"PROFESOR ASIGNATURA A EMS  FOR ,PROFESOR ASIGNATURA B EMS  FOR ",,,,,,
,,,,,,,,,,,,,,,"E2863 ,E3105 ","PROFESOR ASIGNATURA A EMS  FOR ,PROFESOR TITULAR B EMS MT FOR ",,,,,,
,,,,,,,,,,,,,,,"E2827 ,E3105 ",PROFESOR TITULAR A EMS 3/4 FOR ,,,,,,
,,,,,,,,,,,,,,,"E2927 ,E3105 ",PROFESOR TITULAR C EMS 3/4 FOR ,,,,,,
,,,,,,,,,,,,,,,"E2963 ,E3105 ",PROFESOR ASOCIADO B EMS TC FOR ,,,,,,
,,,,,,,,,,,,,,,"E2929 ,E3105 ",PROFESOR TITULAR B EMS 3/4 FOR ,,,,,,
,,,,,,,,,,,,,,,E3123 ,PROFESOR TITULAR A EMS MT FOR ,,,,,,
,,,,,,,,,,,,,,,E2925 ,PROFESOR ASIGNATURA B EMS  FOR ,,,,,,
,,,,,,,,,,,,,,,E3027 ,"PROFESOR ASIGNATURA A EMS  DF ,PROFESOR ASIGNATURA B EMS  DF ,PROFESOR ASOCIADO A EMS 3/4 DF ",,,,,,
,,,,,,,,,,,,,,,"E2961 ,E3105 ","TECNICO DOCENTE ASIGNATURA B EMS  DF ,TECNICO DOCENTE ASOCIADO A EMS MT DF ",,,,,,
,,,,,,,,,,,,,,,"E2923 ,E3105 ","PROFESOR ASIGNATURA A EMS  DF ,PROFESOR ASOCIADO A EMS MT DF ,TECNICO DOCENTE ASIGNATURA A EMS  DF ",,,,,,
,,,,,,,,,,,,,,,E3105 ,"PROFESOR ASIGNATURA A EMS  DF ,PROFESOR ASIGNATURA B EMS  DF ,PROFESOR ASOCIADO C EMS 3/4 DF ",,,,,,
,,,,,,,,,,,,,,,"E2823 ,E3105 ","PROFESOR ASIGNATURA A EMS  DF ,TECNICO DOCENTE ASIGNATURA B EMS  DF ,TECNICO DOCENTE ASOCIADO B EMS MT DF ",,,,,,
,,,,,,,,,,,,,,,E2961 ,TECNICO DOCENTE ASOCIADO C EMS TC DF ,,,,,,
,,,,,,,,,,,,,,,E3029 ,"PROFESOR ASIGNATURA A EMS  DF ,TECNICO DOCENTE ASIGNATURA A EMS  DF ,TECNICO DOCENTE ASIGNATURA B EMS  DF ",,,,,,
,,,,,,,,,,,,,,,"E2963 ,E3105 ,E3107 ","PROFESOR ASOCIADO A EMS MT DF ,TECNICO DOCENTE ASIGNATURA A EMS  DF ",,,,,,
,,,,,,,,,,,,,,,"E2863 ,E3107 ",TECNICO DOCENTE ASOCIADO A EMS 3/4 DF ,,,,,,
,,,,,,,,,,,,,,,"E3105 ,E3107 ","TECNICO DOCENTE ASIGNATURA B EMS  DF ,TECNICO DOCENTE ASOCIADO C EMS 3/4 DF ",,,,,,
,,,,,,,,,,,,,,,"E2829 ,E3105 ","TECNICO DOCENTE ASIGNATURA A EMS  DF ,TECNICO DOCENTE ASIGNATURA C EMS  DF ",,,,,,
,,,,,,,,,,,,,,,E2927 ,PROFESOR ASOCIADO B EMS 3/4 DF ,,,,,,
,,,,,,,,,,,,,,,E2963 ,TECNICO DOCENTE TITULAR A EMS TC DF ,,,,,,
,,,,,,,,,,,,,,,E3025 ,PROFESOR ASOCIADO A EMS 3/4 DF ,,,,,,
,,,,,,,,,,,,,,,E2929 ,"PROFESOR ASIGNATURA A EMS  DF ,TECNICO DOCENTE ASIGNATURA B EMS  DF ,TECNICO DOCENTE ASOCIADO C EMS 3/4 DF ",,,,,,
,,,,,,,,,,,,,,,E2827 ,"TECNICO DOCENTE ASIGNATURA A EMS  DF ,TECNICO DOCENTE ASIGNATURA B EMS  DF ,TECNICO DOCENTE TITULAR A EMS MT DF ",,,,,,
,,,,,,,,,,,,,,,E3107 ,"PROFESOR ASIGNATURA B EMS  DF ,PROFESOR TITULAR A EMS MT DF ,TECNICO DOCENTE ASIGNATURA A EMS  DF ",,,,,,
,,,,,,,,,,,,,,,"E2924 ,E3106 ,E3108 ","PROFESOR ASIGNATURA B EMS  DF ,PROFESOR ASOCIADO C EMS 3/4 DF ,TECNICO DOCENTE ASIGNATURA A EMS  DF ",,,,,,
,,,,,,,,,,,,,,,"E2854 ,E3126 ",TECNICO DOCENTE AUXILIAR C EMS TC DF ,,,,,,
,,,,,,,,,,,,,,,"E2824 ,E3106 ,E3124 ","PROFESOR ASIGNATURA A ES  DF ,PROFESOR ASIGNATURA B ES  DF ,PROFESOR TITULAR C ES 3/4 DF ",,,,,,
,,,,,,,,,,,,,,,"E2962 ,E3106 ,E3108 ","PROFESOR ASIGNATURA A ES  DF ,PROFESOR TITULAR C ES 3/4 DF ",,,,,,
,,,,,,,,,,,,,,,"E2856 ,E3106 ,E3126 ","PROFESOR ASIGNATURA A ES  DF ,PROFESOR ASIGNATURA B ES  DF ,PROFESOR TITULAR A ES MT DF ",,,,,,
,,,,,,,,,,,,,,,E3058 ,"PROFESOR ASIGNATURA A ES  DF ,PROFESOR ASIGNATURA B ES  DF ,PROFESOR ASOCIADO B ES MT DF ",,,,,,
,,,,,,,,,,,,,,,"E3106 ,E3124 ,E3126 ","PROFESOR ASIGNATURA A ES  DF ,PROFESOR TITULAR B ES MT DF ",,,,,,
,,,,,,,,,,,,,,,"E2824 ,E3124 ","TECNICO DOCENTE ASIGNATURA A ES  DF ,TECNICO DOCENTE ASIGNATURA B ES  DF ",,,,,,
,,,,,,,,,,,,,,,E2954 ,"PROFESOR ASIGNATURA A ES  DF ,PROFESOR ASIGNATURA B ES  DF ,PROFESOR ASOCIADO B ES 3/4 DF ",,,,,,
,,,,,,,,,,,,,,,"E2958 ,E3126 ","PROFESOR ASIGNATURA A ES  DF ,PROFESOR TITULAR B ES 3/4 DF ",,,,,,
,,,,,,,,,,,,,,,"E3124 ,E3128 ","PROFESOR ASIGNATURA A ES  DF ,PROFESOR ASIGNATURA B ES  DF ,PROFESOR TITULAR C ES MT DF ",,,,,,
,,,,,,,,,,,,,,,E2926 ,"PROFESOR ASIGNATURA A ES  DF ,PROFESOR ASOCIADO C ES MT DF ",,,,,,
,,,,,,,,,,,,,,,E3066 ,"PROFESOR ASIGNATURA A ES  DF ,PROFESOR ASOCIADO A ES MT DF ",,,,,,
,,,,,,,,,,,,,,,E2924 ,PROFESOR TITULAR C ES MT DF ,,,,,,
,,,,,,,,,,,,,,,"E2958 ,E3106 ,E3126 ","PROFESOR ASIGNATURA A ES  DF ,PROFESOR ASIGNATURA B ES  DF ,PROFESOR ASOCIADO C ES MT DF ",,,,,,
,,,,,,,,,,,,,,,"E2866 ,E3124 ,E3126 ","PROFESOR ASIGNATURA A ES  DF ,TECNICO DOCENTE ASIGNATURA C ES  DF ",,,,,,
,,,,,,,,,,,,,,,"E2828 ,E3108 ,E3124 ","PROFESOR ASIGNATURA A ES  DF ,PROFESOR TITULAR C ES MT DF ",,,,,,
,,,,,,,,,,,,,,,"E2962 ,E3108 ,E3124 ",PROFESOR TITULAR A ES MT DF ,,,,,,
,,,,,,,,,,,,,,,E3052 ,"PROFESOR ASIGNATURA A ES  DF ,PROFESOR ASIGNATURA B ES  DF ,PROFESOR TITULAR B ES MT DF ",,,,,,
,,,,,,,,,,,,,,,"E2918 ,E3102 ,E3104 ",PROFESOR TITULAR B ES 3/4 DF ,,,,,,
,,,,,,,,,,,,,,,"E2918 ,E3102 ",PROFESOR TITULAR C ES 3/4 DF ,,,,,,
,,,,,,,,,,,,,,,"E2814 ,E3102 ,E3104 ","TECNICO DOCENTE ASIGNATURA A ES  DF ,TECNICO DOCENTE ASIGNATURA C ES  DF ",,,,,,
,,,,,,,,,,,,,,,"E2810 ,E3102 ,E3104 ","TECNICO DOCENTE ASIGNATURA A ES  DF ,TECNICO DOCENTE ASOCIADO C ES 3/4 DF ",,,,,,
,,,,,,,,,,,,,,,"E2816 ,E3102 ",JEFE DE DEPARTAMENTO DE UNIDAD DE AREA ,,,,,,
,,,,,,,,,,,,,,,"E3110 ,E3112 ","TECNICO DOCENTE ASIGNATURA B ES  DF ,TECNICO DOCENTE ASIGNATURA C ES  DF ",,,,,,
,,,,,,,,,,,,,,,"E2910 ,E3102 ,E3104 ","TECNICO DOCENTE ASOCIADO ""A"" (E.S.) 3/4 DE TI ",,,,,,
,,,,,,,,,,,,,,,"E2916 ,E3102 ","PROFESOR DE ASIGNATURA ""B"" (E.M.S.) ",,,,,,
,,,,,,,,,,,,,,,"E2818 ,E3102 ,E3104 ","TECNICO DOCENTE ASIGNATURA A ES  DF ,TECNICO DOCENTE DE ASIGNATURA ""A"" (E.S.) ",,,,,,
,,,,,,,,,,,,,,,"E2812 ,E3102 ","PROFESOR ASIGNATURA A ES  DF ,PROFESOR DE ASIGNATURA ""A"" (E.M.S.) ",,,,,,
,,,,,,,,,,,,,,,"E2808 ,E3102 ",PROFESOR ASOCIADO C ES MT DF ,,,,,,
,,,,,,,,,,,,,,,E2818 ,"PROFESOR ASIGNATURA A ES  DF ,TECNICO DOCENTE DE ASIGNATURA ""A"" (E.S.) ",,,,,,
,,,,,,,,,,,,,,,"E2812 ,E3102 ,E3104 ","PROFESOR ASIGNATURA A ES  DF ,TECNICO DOCENTE DE ASIGNATURA ""A"" (E.M.S.) ,TECNICO DOCENTE DE ASIGNATURA ""A"" (E.S.) ",,,,,,
,,,,,,,,,,,,,,,"E3102 ,E3114 ","PROFESOR TITULAR ""B"" (E.S.) TIEMPO COMPLETO ",,,,,,
,,,,,,,,,,,,,,,"E2818 ,E3102 ","PROFESOR ASIGNATURA A ES  DF ,TECNICO DOCENTE ASIGNATURA A ES  DF ,TECNICO DOCENTE ASIGNATURA B ES  DF ",,,,,,
,,,,,,,,,,,,,,,E2814 ,TECNICO DOCENTE ASOCIADO B ES MT DF ,,,,,,
,,,,,,,,,,,,,,,"E2816 ,E3102 ,E3104 ","PROFESOR ASIGNATURA B ES  DF ,PROFESOR TITULAR C ES MT DF ",,,,,,
,,,,,,,,,,,,,,,E2916 ,"PROFESOR ASIGNATURA B ES  DF ,PROFESOR TITULAR B ES MT DF ",,,,,,
,,,,,,,,,,,,,,,E2918 ,"PROFESOR ASIGNATURA A ES  DF ,PROFESOR ASIGNATURA B ES  DF ,PROFESOR ASOCIADO C ES 3/4 DF ",,,,,,
,,,,,,,,,,,,,,,"E3110 ,E3114 ","PROFESOR ASIGNATURA A ES  DF ,PROFESOR ASIGNATURA B ES  DF ,PROFESOR TITULAR A ES 3/4 DF ",,,,,,
,,,,,,,,,,,,,,,"E2942 ,E3110 ",PROFESOR ASISTENTE C ES MT DF ,,,,,,
,,,,,,,,,,,,,,,KF01906 ,"TECNICO DOCENTE ASIGNATURA A ES  DF ,TECNICO TITULAR B ES MT DF ",,,,,,
,,,,,,,,,,,,,,,"E3112 ,E3114 ","PROFESOR ASIGNATURA A ES  DF ,PROFESOR ASIGNATURA B ES  DF ,PROFESOR ASOCIADO A ES 3/4 DF ",,,,,,
,,,,,,,,,,,,,,,KF01087 ,"PROFESOR ASISTENTE C ES MT DF ,TECNICO DOCENTE ASIGNATURA A ES  DF ",,,,,,
,,,,,,,,,,,,,,,KF01090 ,"PROFESOR ASIGNATURA A ES  DF ,PROFESOR ASIGNATURA B ES  DF ,PROFESOR TITULAR B ES 3/4 DF ",,,,,,
,,,,,,,,,,,,,,,E6238 ,"PROFESOR ASIGNATURA B ES  DF ,PROFESOR ASOCIADO B ES MT DF ,TECNICO DOCENTE ASIGNATURA B ES  DF ",,,,,,
,,,,,,,,,,,,,,,E6018 ,"PROFESOR TITULAR A ES MT DF ,PROFESOR TITULAR C ES MT DF ",,,,,,
,,,,,,,,,,,,,,,"E3110 ,E6006 ","PROFESOR ASIGNATURA B ES  DF ,TECNICO DOCENTE ASIGNATURA A ES  DF ",,,,,,
,,,,,,,,,,,,,,,"E3102 ,E6016 ","PROFESOR ASIGNATURA A ES  DF ,PROFESOR ASIGNATURA B ES  DF ,TECNICO DOCENTE ASIGNATURA A ES  DF ",,,,,,
,,,,,,,,,,,,,,,E2812 ,"TECNICO DOCENTE ASIGNATURA B ES  DF ,TECNICO DOCENTE ASOCIADO B ES 3/4 DF ",,,,,,
,,,,,,,,,,,,,,,"E3102 ,E6006 ","TECNICO DOCENTE ASIGNATURA A ES  DF ,TECNICO DOCENTE ASOCIADO A ES MT DF ",,,,,,
,,,,,,,,,,,,,,,"E3102 ,E6006 ,E6012 ","PROFESOR ASIGNATURA B ES  DF ,PROFESOR ASOCIADO A EMS MT DF ",,,,,,
,,,,,,,,,,,,,,,E6316 ,TECNICO DOCENTE AUXILIAR C ES 3/4 DF ,,,,,,
,,,,,,,,,,,,,,,"E3102 ,E3110 ,E3112 ",TECNICO DOCENTE AUXILIAR B ES 3/4 DF ,,,,,,
,,,,,,,,,,,,,,,E2840 ,"TECNICO DOCENTE ASIGNATURA A ES  DF ,TECNICO DOCENTE AUXILIAR B ES 3/4 DF ",,,,,,
,,,,,,,,,,,,,,,"E2818 ,E3104 ","TECNICO DOCENTE ASIGNATURA A ES  DF ,TECNICO DOCENTE ASOCIADO A ES 3/4 DF ",,,,,,
,,,,,,,,,,,,,,,"E2816 ,E3104 ","PROFESOR ASIGNATURA B ES  DF ,PROFESOR TITULAR C ES TC DF ",,,,,,
,,,,,,,,,,,,,,,"E2912 ,E3102 ,E3104 ",TECNICO TITULAR B ES 3/4 DF ,,,,,,
,,,,,,,,,,,,,,,"E2914 ,E3102 ,E3104 ",PROFESOR TITULAR B ES TC FOR ,,,,,,
,,,,,,,,,,,,,,,E2806 ,PROFESOR ASIGNATURA A ES  FOR ,,,,,,
,,,,,,,,,,,,,,,"E2846 ,E3110 ","TECNICO DOCENTE ASIGNATURA A ES  DF ,TECNICO DOCENTE ASIGNATURA B ES  DF ,TECNICO DOCENTE ASOCIADO C ES 3/4 DF ",,,,,,
,,,,,,,,,,,,,,,"E2908 ,E3102 ,E3104 ","PROFESOR ASIGNATURA B ES  DF ,PROFESOR ASOCIADO C ES MT DF ,TECNICO DOCENTE ASIGNATURA A ES  DF ",,,,,,
,,,,,,,,,,,,,,,"E2806 ,E3110 ",PROFESOR TITULAR C ES TC FOR ,,,,,,
,,,,,,,,,,,,,,,"E2916 ,E3102 ,E3104 ",PROFESOR ASOCIADO B ES TC FOR ,,,,,,
,,,,,,,,,,,,,,,"E2810 ,E3104 ,E3112 ",PROFESOR ASIGNATURA B ES  FOR ,,,,,,
,,,,,,,,,,,,,,,"E2814 ,E2818 ",PROFESOR TITULAR C ES MT FOR ,,,,,,
,,,,,,,,,,,,,,,"E3104 ,E3110 ",PROFESOR ASOCIADO B ES MT FOR ,,,,,,
,,,,,,,,,,,,,,,"E3102 ,E3104 ,E3110 ","PROFESOR ASIGNATURA A ES  FOR ,PROFESOR ASOCIADO C ES 3/4 FOR ",,,,,,
,,,,,,,,,,,,,,,"E2940 ,E3112 ","PROFESOR ASIGNATURA B ES  FOR ,PROFESOR TITULAR C ES 3/4 FOR ",,,,,,
,,,,,,,,,,,,,,,"E2838 ,E3110 ",PROFESOR ASOCIADO C ES TC FOR ,,,,,,
,,,,,,,,,,,,,,,"E2824 ,E3104 ","PROFESOR ASIGNATURA B ES  FOR ,PROFESOR ASOCIADO C ES 3/4 FOR ",,,,,,
,,,,,,,,,,,,,,,E2936 ,PROFESOR TITULAR A ES 3/4 FOR ,,,,,,
,,,,,,,,,,,,,,,E2934 ,"PROFESOR ASIGNATURA A ES  FOR ,PROFESOR ASIGNATURA B ES  FOR ",,,,,,
,,,,,,,,,,,,,,,"E2934 ,E3110 ","PROFESOR ASIGNATURA B ES  FOR ,PROFESOR TITULAR B ES 3/4 FOR ",,,,,,
,,,,,,,,,,,,,,,"E2938 ,E3110 ",PROFESOR ASOCIADO C ES 3/4 FOR ,,,,,,
,,,,,,,,,,,,,,,"E3018 ,E3104 ",PROFESOR TITULAR C ES 3/4 FOR ,,,,,,
,,,,,,,,,,,,,,,E2946 ,"PROFESOR ASIGNATURA A ES  FOR ,PROFESOR TITULAR A ES 3/4 FOR ",,,,,,
,,,,,,,,,,,,,,,E3015 ,"PROFESOR ASIGNATURA A ES  FOR ,PROFESOR TITULAR C ES 3/4 FOR ",,,,,,
,,,,,,,,,,,,,,,E3101 ,PROFESOR ASOCIADO C ES MT FOR ,,,,,,
,,,,,,,,,,,,,,,"E2942 ,E3110 ,E3112 ","PROFESOR ASIGNATURA A ES  FOR ,PROFESOR ASIGNATURA B ES  FOR ,PROFESOR TITULAR A ES MT FOR ",,,,,,
,,,,,,,,,,,,,,,"E2812 ,E3104 ,E3110 ",PROFESOR TITULAR A ES TC FOR ,,,,,,
,,,,,,,,,,,,,,,E3017 ,"PROFESOR ASIGNATURA A ES  FOR ,PROFESOR ASOCIADO A ES MT FOR ",,,,,,
,,,,,,,,,,,,,,,E3009 ,"PROFESOR ASIGNATURA A ES  FOR ,PROFESOR ASIGNATURA B ES  FOR ,PROFESOR ASOCIADO B ES MT FOR ",,,,,,
,,,,,,,,,,,,,,,E3103 ,"PROFESOR ASIGNATURA A ES  FOR ,PROFESOR TITULAR C ES MT FOR ",,,,,,
,,,,,,,,,,,,,,,E2817 ,TECNICO DOCENTE ASIGNATURA A ES  FOR ,,,,,,
,,,,,,,,,,,,,,,E2809 ,PROFESOR ASOCIADO B ES 3/4 FOR ,,,,,,
,,,,,,,,,,,,,,,"E2911 ,E3101 ","PROFESOR ASIGNATURA A ES  FOR ,PROFESOR TITULAR B ES 3/4 FOR ",,,,,,
,,,,,,,,,,,,,,,"E2917 ,E3103 ","PROFESOR ASIGNATURA A ES  FOR ,PROFESOR TITULAR A ES MT FOR ",,,,,,
,,,,,,,,,,,,,,,E3011 ,PROFESOR ASOCIADO A ES TC FOR ,,,,,,
,,,,,,,,,,,,,,,"E2911 ,E3103 ","PROFESOR ASIGNATURA A ES  FOR ,PROFESOR ASOCIADO A ES 3/4 FOR ",,,,,,
,,,,,,,,,,,,,,,E2913 ,TECNICO DOCENTE ASOCIADO A ES TC FOR ,,,,,,
,,,,,,,,,,,,,,,"E3101 ,E3103 ",DIRECTOR DE CENTRO DE EDUCACION CONTINUA ,,,,,,
,,,,,,,,,,,,,,,"E2915 ,E3103 ",TECNICO DOCENTE ASOCIADO C ES TC FOR ,,,,,,
,,,,,,,,,,,,,,,E2911 ,TECNICO TITULAR A ES TC FOR ,,,,,,
,,,,,,,,,,,,,,,E2917 ,TECNICO DOCENTE ASOCIADO B ES TC FOR ,,,,,,
,,,,,,,,,,,,,,,"E2913 ,E3101 ","PROFESOR ASIGNATURA B ES  FOR ,PROFESOR TITULAR A ES 3/4 FOR ",,,,,,
,,,,,,,,,,,,,,,"E2917 ,E3101 ",DIRECTOR DE CENTRO DE DIFUSION DE CIENCIA Y TECNOLOGIA ,,,,,,
,,,,,,,,,,,,,,,E2811 ,TECNICO DOCENTE ASOCIADO A ES MT FOR ,,,,,,
,,,,,,,,,,,,,,,"E2813 ,E3101 ,E3103 ",TECNICO TITULAR B ES TC FOR ,,,,,,
,,,,,,,,,,,,,,,E3013 ,"PROFESOR ASIGNATURA B ES  FOR ,PROFESOR ASOCIADO C ES MT FOR ",,,,,,
,,,,,,,,,,,,,,,"E2807 ,E3101 ",TECNICO DOCENTE AUXILIAR C ES TC FOR ,,,,,,
,,,,,,,,,,,,,,,"E2809 ,E3101 ,E3103 ","PROFESOR ASIGNATURA A ES  FOR ,TECNICO DOCENTE ASIGNATURA C ES  FOR ",,,,,,
,,,,,,,,,,,,,,,"E2817 ,E3101 ","PROFESOR ASIGNATURA B EMS  FOR ,PROFESOR TITULAR C ES 3/4 FOR ",,,,,,
,,,,,,,,,,,,,,,E3109 ,"PROFESOR ASIGNATURA B ES  FOR ,PROFESOR ASOCIADO B ES 3/4 FOR ",,,,,,
,,,,,,,,,,,,,,,E2909 ,PROFESOR ASISTENTE B ES TC DF ,,,,,,
,,,,,,,,,,,,,,,"E2915 ,E3101 ",SUBDIRECTOR DE CENTRO DE EDUCACION CONTINUA ,,,,,,
,,,,,,,,,,,,,,,"E2813 ,E3101 ",JEFE DE DEPARTAMENTO DE CENTRO DE EDUCACION CONTINUA ,,,,,,
,,,,,,,,,,,,,,,E3007 ,"PROFESOR ASIGNATURA A ES  FOR ,PROFESOR ASOCIADO C ES MT FOR ",,,,,,
,,,,,,,,,,,,,,,"E2907 ,E3101 ","PROFESOR ASIGNATURA B ES  FOR ,TECNICO DOCENTE ASOCIADO B ES 3/4 FOR ",,,,,,
,,,,,,,,,,,,,,,E3037 ,"PROFESOR ASIGNATURA B ES  DF ,TECNICO DOCENTE ASOCIADO A ES MT DF ",,,,,,
,,,,,,,,,,,,,,,CF52946 ,"PROFESOR ASIGNATURA B EMS  DF ,PROFESOR TITULAR C EMS 3/4 DF ,TECNICO DOCENTE ASIGNATURA B EMS  DF ",,,,,,
,,,,,,,,,,,,,,,E3041 ,"PROFESOR ASIGNATURA A EMS  DF ,TECNICO DOCENTE ASOCIADO B EMS MT DF ",,,,,,
,,,,,,,,,,,,,,,E3043 ,"PROFESOR ASIGNATURA A EMS  DF ,TECNICO DOCENTE ASIGNATURA A EMS  DF ,TECNICO DOCENTE ASOCIADO A EMS MT DF ",,,,,,
,,,,,,,,,,,,,,,E3039 ,"PROFESOR TITULAR B EMS MT DF ,TECNICO DOCENTE ASIGNATURA A EMS  DF ",,,,,,
,,,,,,,,,,,,,,,"E2913 ,E3103 ","TECNICO DOCENTE ASIGNATURA A EMS  DF ,TECNICO DOCENTE ASIGNATURA B EMS  DF ,TECNICO DOCENTE ASOCIADO B EMS MT DF ",,,,,,
,,,,,,,,,,,,,,,CF52947 ,PROFESOR TITULAR B EMS MT FOR ,,,,,,
,,,,,,,,,,,,,,,E2837 ,"PROFESOR ASIGNATURA A EMS  FOR ,PROFESOR ASIGNATURA B EMS  FOR ,PROFESOR ASOCIADO B EMS MT FOR ",,,,,,
,,,,,,,,,,,,,,,E3045 ,PROFESOR ASOCIADO A EMS 3/4 FOR ,,,,,,
,,,,,,,,,,,,,,,"E2811 ,E3103 ",PROFESOR ASOCIADO C EMS MT FOR ,,,,,,
,,,,,,,,,,,,,,,E3035 ,"TECNICO DOCENTE ASIGNATURA A EMS  DF ,TECNICO DOCENTE ASOCIADO B EMS 3/4 DF ",,,,,,
,,,,,,,,,,,,,,,"E3101 ,E3113 ",PREFECTO A ES TC DF ,,,,,,
,,,,,,,,,,,,,,,"E2917 ,E3107 ","PROFESOR ASIGNATURA A EMS  DF ,PROFESOR ASOCIADO C EMS MT DF ,TECNICO DOCENTE ASIGNATURA A EMS  DF ",,,,,,
,,,,,,,,,,,,,,,"E2909 ,E3103 ","PROFESOR ASOCIADO C EMS MT DF ,TECNICO DOCENTE ASIGNATURA A EMS  DF ",,,,,,
,,,,,,,,,,,,,,,E3004 ,"PROFESOR TITULAR C EMS 3/4 DF ,TECNICO DOCENTE ASIGNATURA A EMS  DF ",,,,,,
,,,,,,,,,,,,,,,CF52952 ,"PROFESOR ASIGNATURA B EMS  DF ,PROFESOR ASOCIADO B EMS 3/4 DF ,TECNICO DOCENTE ASIGNATURA A EMS  DF ",,,,,,
,,,,,,,,,,,,,,,CF52958 ,"PROFESOR ASIGNATURA A ES  DF ,PROFESOR DE ASIGNATURA ""B"" (E.M.S.) ",,,,,,
,,,,,,,,,,,,,,,"E2811 ,E3101 ","TECNICO DOCENTE DE ASIGNATURA ""A"" (E.S.) ",,,,,,
,,,,,,,,,,,,,,,"E2939 ,E3103 ","TECNICO DOCENTE DE ASIGNATURA ""A"" (E.M.S.) ,TECNICO DOCENTE DE ASIGNATURA ""A"" (E.S.) ",,,,,,
,,,,,,,,,,,,,,,"E2838 ,E3104 ","PROFESOR TITULAR C ES 3/4 DF ,TECNICO DOCENTE ASIGNATURA A ES  DF ",,,,,,
,,,,,,,,,,,,,,,"E2964 ,E3108 ,E3126 ","PROFESOR ASIGNATURA A ES  DF ,PROFESOR ASIGNATURA B ES  DF ,PROFESOR ASOCIADO A EMS MT DF ",,,,,,
,,,,,,,,,,,,,,,"E2856 ,E3106 ","PROFESOR ASOCIADO B ES MT DF ,TECNICO DOCENTE ASIGNATURA A ES  DF ",,,,,,
,,,,,,,,,,,,,,,"E2854 ,E3106 ,E3124 ","TECNICO DOCENTE ASIGNATURA B ES  DF ,TECNICO DOCENTE ASOCIADO C ES 3/4 DF ",,,,,,
,,,,,,,,,,,,,,,"E2830 ,E3124 ","PROFESOR ASOCIADO C ES MT DF ,TECNICO DOCENTE ASIGNATURA A ES  DF ",,,,,,
,,,,,,,,,,,,,,,"E2856 ,E3124 ,E3126 ","PROFESOR ASIGNATURA A ES  FOR ,PROFESOR ASOCIADO B ES 3/4 FOR ",,,,,,
,,,,,,,,,,,,,,,E2829 ,"PROFESOR ASIGNATURA A ES  FOR ,PROFESOR ASIGNATURA B ES  FOR ,PROFESOR ASOCIADO C ES MT FOR ",,,,,,
,,,,,,,,,,,,,,,"E2825 ,E3105 ,E3107 ","PROFESOR ASIGNATURA A ES  FOR ,PROFESOR TITULAR B ES MT FOR ",,,,,,
,,,,,,,,,,,,,,,E2923 ,PROFESOR TITULAR A ES MT FOR ,,,,,,
,,,,,,,,,,,,,,,E2861 ,"PROFESOR ASIGNATURA B ES  FOR ,PROFESOR ASOCIADO B ES MT FOR ",,,,,,
,,,,,,,,,,,,,,,"E2956 ,E3124 ","PROFESOR ASIGNATURA B ES  FOR ,PROFESOR TITULAR C ES MT FOR ",,,,,,
,,,,,,,,,,,,,,,E3302 ,ASISTENTE EJECUTIVO A,,,,,,
,,,,,,,,,,,,,,,"E2862 ,E3106 ,E3124 ",ANALISTA DE SISTEMAS Y PROCESOS B,,,,,,
,,,,,,,,,,,,,,,"E2862 ,E3124 ",ANALISTA DE SISTEMAS Y PROCESOS A,,,,,,
,,,,,,,,,,,,,,,"E2964 ,E3124 ",AUXILIAR DE OFICINA B,,,,,,
,,,,,,,,,,,,,,,"E2926 ,E3108 ,E3124 ",OFICINISTA A,,,,,,
,,,,,,,,,,,,,,,"E3102 ,E6018 ","CONDUCTOR DE VEHICULO ""B""",,,,,,
,,,,,,,,,,,,,,,E6006 ,TEC. DE EQUIPOS OPTICOS Y DE GRABACION C,,,,,,
,,,,,,,,,,,,,,,"E6006 ,E6012 ",TEC. EN PROGRAMACION Y EQ. INFORMATICOS A,,,,,,
,,,,,,,,,,,,,,,"E2918 ,E3110 ",AUX. DE ANALISTA DE SISTEMAS Y PROCESOS C,,,,,,
,,,,,,,,,,,,,,,"E2824 ,E3102 ,E3104 ",ASISTENTE EJECUTIVO B,,,,,,
,,,,,,,,,,,,,,,"E2810 ,E3110 ",AUX. DE ANALISTA DE SISTEMAS Y PROCESOS A,,,,,,
,,,,,,,,,,,,,,,"E2942 ,E3112 ",ANALISTA TECNICO ESPECIALIZADO,,,,,,
,,,,,,,,,,,,,,,"E2812 ,E3110 ",AUX. DE ANALISTA DE SISTEMAS Y PROCESOS B,,,,,,
,,,,,,,,,,,,,,,"E2909 ,E3101 ",OFICIAL DE SERVICIOS DE MANTENIMIENTO ,,,,,,
,,,,,,,,,,,,,,,"E2811 ,E3101 ,E3103 ",AUXILIAR TECNICO DE LABORATORIO,,,,,,
,,,,,,,,,,,,,,,"E2815 ,E3101 ",TECNICO ESPECIALIZADO DE LABORATORIO A,,,,,,
,,,,,,,,,,,,,,,E2813 ,AUXILIAR DE OFICINA A,,,,,,
,,,,,,,,,,,,,,,"E2809 ,E3103 ",,,,,,,
,,,,,,,,,,,,,,,"E2817 ,E3103 ",ABOGADO GENERAL,,,,,,
,,,,,,,,,,,,,,,A01010,JEFE DE DIVISIÓN,,,,,,
,,,,,,,,,,,,,,,P05843,TECNICO ESPECIALIZADO DE LABORATORIO B,,,,,,
,,,,,,,,,,,,,,,P05844,JEFE DE AREA ADMINISTRATIVA Y TECNICA A,,,,,,
,,,,,,,,,,,,,,,A01844,ANALISTA DE SISTEMAS Y PROCESOS C,,,,,,
,,,,,,,,,,,,,,,A01089,AUXILIAR DE OFICIAL DE SERVICIOS,,,,,,
,,,,,,,,,,,,,,,S03820,AUX. TEC. DE EQ. OPTICOS Y DE GRABACION B,,,,,,
,,,,,,,,,,,,,,,T23805,PROMOTOR ESPECIALIZADO,,,,,,
,,,,,,,,,,,,,,,T06817,TEC. EN PROGRAMACION Y EQ. INFORMATICOS B,,,,,,
,,,,,,,,,,,,,,,P05845,OFICIAL DE SERVICIOS,,,,,,
,,,,,,,,,,,,,,,A01011,PREFECTO,,,,,,
,,,,,,,,,,,,,,,P05847,ASISTENTE EJECUTIVO C,,,,,,
,,,,,,,,,,,,,,,T03054,COORDINADOR,,,,,,
,,,,,,,,,,,,,,,P05846,DIRECTOR DE ÁREA,,,,,,
,,,,,,,,,,,,,,,S01837,JEFE DE DEPARTAMENTO,,,,,,
,,,,,,,,,,,,,,,T16808,SUPERVISOR DE VIGILANCIA,,,,,,
,,,,,,,,,,,,,,,T16809,OPERADOR DE MAQUINA DE IMPRENTA,,,,,,
,,,,,,,,,,,,,,,A01843,JEFE DE AREA ADMINISTRATIVA Y TECNICA B,,,,,,
,,,,,,,,,,,,,,,,DIRECTOR DE CAE,,,,,,
,,,,,,,,,,,,,,,CFM4301364,OFICINISTA B,,,,,,
,,,,,,,,,,,,,,,CFN3301935,TECNICO EN ARTES,,,,,,
,,,,,,,,,,,,,,,T16810,FACILITADOR,,,,,,
,,,,,,,,,,,,,,,A01845,SUPERVISOR DE SERVICIOS,,,,,,
,,,,,,,,,,,,,,,P05842,TECNICO ESPECIALIZADO DE LABORATORIO C,,,,,,
,,,,,,,,,,,,,,,S01835,REDACTOR Y CORRECTOR DE TEXTOS A,,,,,,
,,,,,,,,,,,,,,,T23802,AUXILIAR TECNICO DE GUARDERIA,,,,,,
,,,,,,,,,,,,,,,A06008,BIBLIOTECONOMO B,,,,,,
,,,,,,,,,,,,,,,T06818,AUXILIAR TECNICO EN ARTES,,,,,,
,,,,,,,,,,,,,,,S01836,TEC. DE SERVICIOS MECANICOS Y ELECTRICOS ,,,,,,
,,,,,,,,,,,,,,,S01840,SUPERVISOR DE SERVICIOS DE MANTENIMIENTO ,,,,,,
,,,,,,,,,,,,,,,A01012,TECNICO EN SALUD,,,,,,
,,,,,,,,,,,,,,,CFN3301680,AUX. TEC. DE EQ. OPTICOS Y DE GRABACION A,,,,,,
,,,,,,,,,,,,,,,CFM3301371,AUX. DE OFICIAL DE SERVICIOS DE MANTTO.,,,,,,
,,,,,,,,,,,,,,,CFM3301369,TECNICO DE GUARDERIA,,,,,,
,,,,,,,,,,,,,,,CFO3301692,PROFESIONAL EN EL AREA DE SALUD,,,,,,
,,,,,,,,,,,,,,,CFO3201942,"CONDUCTOR DE VEHICULO ""C""",,,,,,
,,,,,,,,,,,,,,,S01843,PROFESIONAL ESP. EN EL AREA DE SALUD,,,,,,
,,,,,,,,,,,,,,,S05850,TECNICO ESPECIALIZADO EN SALUD,,,,,,
,,,,,,,,,,,,,,,A01846,TECNICO EN ARTES GRAFICAS B,,,,,,
,,,,,,,,,,,,,,,CFO2301945,BIBLIOTECONOMO A,,,,,,
,,,,,,,,,,,,,,,A01088,TEC. DE EQUIPOS OPTICOS Y DE GRABACION A,,,,,,
,,,,,,,,,,,,,,,T04807,AUX. TEC. EN PROGR. Y EQ. INFORMATICOS,,,,,,
,,,,,,,,,,,,,,,ED01806,SUBDIRECTOR DE CENLEX,,,,,,
,,,,,,,,,,,,,,,S01841,JEFE DE DEPARTAMENTO DE CENLEX,,,,,,
,,,,,,,,,,,,,,,T16811,DIRECTOR DE CENLEX,,,,,,
,,,,,,,,,,,,,,,T22056,JEFE DE DEPARTAMENTO DE CENTRO DE APOYO EDUCATIVO,,,,,,
,,,,,,,,,,,,,,,T14808,DIRECTOR DE UNIDAD ACADEMICA,,,,,,
,,,,,,,,,,,,,,,T05811,DIRECTOR DE CENTRO DE DIFUSION DE CIENCIA Y TECNOLOGIA,,,,,,
,,,,,,,,,,,,,,,T04805,SUBDIRECTOR DE CENTRO DE APOYO EDUCATIVO,,,,,,
,,,,,,,,,,,,,,,S09806,JEFE DE DEPARTAMENTO DE UNIDAD ACADEMICA,,,,,,
,,,,,,,,,,,,,,,S01842,SUBDIRECTOR DE UNIDAD ACADEMICA,,,,,,
,,,,,,,,,,,,,,,T02833,JEFE DE DEPARTAMENTO DE APOYO DE CENTROS DE DESARROLLO INFANTIL,,,,,,
,,,,,,,,,,,,,,,T23801,DIRECTOR DE CENTRO DE DESARROLLO INFANTIL,,,,,,
,,,,,,,,,,,,,,,S01834,COORDINADOR DE CENTROS DE DESARROLLO INFANTIL,,,,,,
,,,,,,,,,,,,,,,T14809,REDACTOR Y CORRECTOR DE TEXTOS C,,,,,,
,,,,,,,,,,,,,,,P02807,ENCARGADO DE ACUERDOS,,,,,,
,,,,,,,,,,,,,,,S03821,SECRETARIO,,,,,,
,,,,,,,,,,,,,,,P02808,COORDINADOR GENERAL DE SERVICIOS INFORMÁTICOS,,,,,,
,,,,,,,,,,,,,,,T16812,DIRECTOR DE CENTRO DE APOYO EDUCATIVO,,,,,,
,,,,,,,,,,,,,,,T08807,"JEFE DE AREA ADMINISTRATIVA Y TECNICA ""B""",,,,,,
,,,,,,,,,,,,,,,T05810,SUBDIRECTOR DE DEFENSORIA DE LOS DERECHOS POLITECNICOS,,,,,,
,,,,,,,,,,,,,,,T23803,DIRECTOR DE DEFENSORIA DE LOS DERECHOS POLITECNICOS,,,,,,
,,,,,,,,,,,,,,,T06816,PROM. DE SERV. EDUCATIVOS Y TECNOLOGICOS,,,,,,
,,,,,,,,,,,,,,,CF52954,TECNICO EN ARTES GRAFICAS A,,,,,,
,,,,,,,,,,,,,,,CF52960,"CONDUCTOR DE VEHICULO ""A""",,,,,,
,,,,,,,,,,,,,,,CF52948,REDACTOR Y CORRECTOR DE TEXTOS B,,,,,,
,,,,,,,,,,,,,,,CF52962,TEC. DE EQUIPOS OPTICOS Y DE GRABACION B,,,,,,
,,,,,,,,,,,,,,,CF52945,MUSICO PRINCIPAL,,,,,,
,,,,,,,,,,,,,,,CF52947,MUSICO SEGUNDA PLAZA,,,,,,
,,,,,,,,,,,,,,,CF52956,MUSICO TERCERA PLAZA,,,,,,
,,,,,,,,,,,,,,,CF52957,MUSICO CONCERTINO,,,,,,
,,,,,,,,,,,,,,,CF52951,JEFE DE DEPARTAMENTO DE CENTRO DE DIFUSION DE CIENCIA Y TECNOLOGIA,,,,,,
,,,,,,,,,,,,,,,CF52966,SUBDIRECTOR DE CENTRO DE DIFUSION DE CIENCIA Y TECNOLOGIA,,,,,,
,,,,,,,,,,,,,,,CF52965,JEFE DE DEPARTAMENTO DE UNIDAD DE FOMENTO Y DESARROLLO EMPRESARIAL,,,,,,
,,,,,,,,,,,,,,,CF52964,SUBDIRECTOR DE UNIDAD DE FOMENTO Y DESARROLLO EMPRESARIAL,,,,,,
,,,,,,,,,,,,,,,CFN3101690,DIRECTOR DE UNIDAD DE FOMENTO Y DESARROLLO EMPRESARIAL,,,,,,
,,,,,,,,,,,,,,,T22054,SECRETARIO PARTICULAR DE DIRECTOR GENERAL,,,,,,
,,,,,,,,,,,,,,,CFO3301937,ASESOR DE DIRECTOR GENERAL,,,,,,
,,,,,,,,,,,,,,,CFO3301694,DIRECTOR GENERAL,,,,,,
,,,,,,,,,,,,,,,CFM2301103,DIRECTOR DE ORQUESTA SINFONICA,,,,,,
,,,,,,,,,,,,,,,CFO3201941,TITULAR DE ÁREAS DEL ÓRG. INTERNO DE CONTROL,,,,,,
,,,,,,,,,,,,,,,CFM4301363,PRESIDENCIA DEL DECANATO,,,,,,
,,,,,,,,,,,,,,,CFM4301367,ARCHIVISTA,,,,,,
,,,,,,,,,,,,,,,CFN3101936,BIBLIOTECARIO,,,,,,
,,,,,,,,,,,,,,,CF52950,AUXILIAR ADMINISTRATIVO,,,,,,
,,,,,,,,,,,,,,,CF53703,JEFE DE OFICINA,,,,,,
,,,,,,,,,,,,,,,CF52955,TECNICO EN MANTENIMIENTO,,,,,,
,,,,,,,,,,,,,,,CF52949,GESTOR,,,,,,
,,,,,,,,,,,,,,,A06007,AGENTE DE INFORMACION,,,,,,
,,,,,,,,,,,,,,,CFM3301368,TAQUIMECANOGRAFA,,,,,,
,,,,,,,,,,,,,,,T08806,AUXILIAR DE BIBLIOTECA,,,,,,
,,,,,,,,,,,,,,,S03819,AUXILIAR DE INTENDENCIA,,,,,,
,,,,,,,,,,,,,,,T22055,CONTROLADOR DE ASISTENCIA,,,,,,
,,,,,,,,,,,,,,,T23804,JEFE DE DEPARTAMENTO DE UNIDAD DE AREA,,,,,,
,,,,,,,,,,,,,,,T20811,SECRETARIA DE DIRECTOR DE PLANTEL (ES),,,,,,
,,,,,,,,,,,,,,,T20808,SECRETARIA DE SUBDIRECTOR DE PLANTEL (ES),,,,,,
,,,,,,,,,,,,,,,T20809,MECANOGRAFA,,,,,,
,,,,,,,,,,,,,,,T20810,DIRECTOR DE CENTRO DE EDUCACION CONTINUA,,,,,,
,,,,,,,,,,,,,,,CF52959,SUBDIRECTOR DE CENTRO DE EDUCACION CONTINUA,,,,,,
,,,,,,,,,,,,,,,CF52953,JEFE DE DEPARTAMENTO DE CENTRO DE EDUCACION CONTINUA,,,,,,
,,,,,,,,,,,,,,,CFO3101694,TITULAR DEL ÓRGANO INTERNO DE CONTROL,,,,,,
,,,,,,,,,,,,,,,CF52969,SUBJEFE DE OFICINA,,,,,,
,,,,,,,,,,,,,,,CF52968,,,,,,,
,,,,,,,,,,,,,,,CF52967,,,,,,,
,,,,,,,,,,,,,,,CFO3160054,,,,,,,
,,,,,,,,,,,,,,,CFM3353240,,,,,,,
,,,,,,,,,,,,,,,CFN3153262,,,,,,,
,,,,,,,,,,,,,,,CFJ3151004,,,,,,,
,,,,,,,,,,,,,,,CFM2160041,,,,,,,
,,,,,,,,,,,,,,,CFM2355036,,,,,,,
,,,,,,,,,,,,,,,CFM2353242,,,,,,,
,,,,,,,,,,,,,,,CF52963,,,,,,,
,,,,,,,,,,,,,,,CFM3301370,,,,,,,
,,,,,,,,,,,,,,,CFN2201117,,,,,,,
,,,,,,,,,,,,,,,CF52000,,,,,,,
,,,,,,,,,,,,,,,CFN3101935,,,,,,,
,,,,,,,,,,,,,,,CFM3301372,,,,,,,
,,,,,,,,,,,,,,,CFO2301947,,,,,,,
,,,,,,,,,,,,,,,KA05007,,,,,,,
,,,,,,,,,,,,,,,KT05003,,,,,,,
,,,,,,,,,,,,,,,KA01026,,,,,,,
,,,,,,,,,,,,,,,KA01001,,,,,,,
,,,,,,,,,,,,,,,KS08011,,,,,,,
,,,,,,,,,,,,,,,KA01015,,,,,,,
,,,,,,,,,,,,,,,KA07003,,,,,,,
,,,,,,,,,,,,,,,KA08004,,,,,,,
,,,,,,,,,,,,,,,KT05004,,,,,,,
,,,,,,,,,,,,,,,KS06006,,,,,,,
,,,,,,,,,,,,,,,KA01023,,,,,,,
,,,,,,,,,,,,,,,KF01090,,,,,,,
,,,,,,,,,,,,,,,KF01087,,,,,,,
,,,,,,,,,,,,,,,KF01906,,,,,,,
,,,,,,,,,,,,,,,KA08016,,,,,,,
,,,,,,,,,,,,,,,KA08035,,,,,,,
,,,,,,,,,,,,,,,KA08005,,,,,,,
,,,,,,,,,,,,,,,CF52946,,,,,,,
,,,,,,,,,,,,,,,CF52952,,,,,,,
,,,,,,,,,,,,,,,CF52958,,,,,,,
,,,,,,,,,,,,,,,CFL3101364,,,,,,,
,,,,,,,,,,,,,,,CF52971,,,,,,,
,,,,,,,,,,,,,,,CFL3101363,,,,,,,
,,,,,,,,,,,,,,,CFL3101367,,,,,,,
,,,,,,,,,,,,,,,CFL3101365,,,,,,,
,,,,,,,,,,,,,,,KA01002,,,,,,,
